school,discipline,teacher,id_student,student,behavior,start_time,end_time,duration_seconds,date,source
Escola Estadual Criança Esperança,Português,Professor_Bruno,51e028c29914c6103719ccf21258789707dbb3234a716394f10de9ae5349d033,Pedro Vitor Sousa Santos,Atento,2026-03-20 08:02:00,2026-03-20 08:08:00,360.0,2026-03-20,simulated
Escola Estadual Criança Esperança,Português,Professor_Bruno,51e028c29914c6103719ccf21258789707dbb3234a716394f10de9ae5349d033,Pedro Vitor Sousa Santos,Perguntando,2026-03-20 08:08:00,2026-03-20 08:08:10,10.0,2026-03-20,simulated
Escola Estadual Criança Esperança,Português,Professor_Bruno,51e028c29914c6103719ccf21258789707dbb3234a716394f10de9ae5349d033,Pedro Vitor Sousa Santos,Agitado,2026-03-20 08:08:10,2026-03-20 08:08:44,34.0,2026-03-20,simulated
Escola Estadual Criança Esperança,Português,Professor_Bruno,51e028c29914c6103719ccf21258789707dbb3234a716394f10de9ae5349d033,Pedro Vitor Sousa Santos,Atento,2026-03-20 08:08:51,2026-03-20 08:19:02,611.0,2026-03-20,simulated
Escola Estadual Criança Esperança,Português,Professor_Bruno,51e028c29914c6103719ccf21258789707dbb3234a716394f10de9ae5349d033,Pedro Vitor Sousa Santos,Perguntando,2026-03-20 08:19:02,2026-03-20 08:19:17,15.0,2026-03-20,simulated
Escola Estadual Criança Esperança,Português,Professor_Bruno,51e028c29914c6103719ccf21258789707dbb3234a716394f10de9ae5349d033,Pedro Vitor Sousa Santos,Atento,2026-03-20 08:19:23,2026-03-20 08:27:06,463.0,2026-03-20,simulated
Escola Estadual Criança Esperança,Português,Professor_Bruno,51e028c29914c6103719ccf21258789707dbb3234a716394f10de9ae5349d033,Pedro Vitor Sousa Santos,Perguntando,2026-03-20 08:27:12,2026-03-20 08:27:46,34.0,2026-03-20,simulated
Escola Estadual Criança Esperança,Português,Professor_Bruno,51e028c29914c6103719ccf21258789707dbb3234a716394f10de9ae5349d033,Pedro Vitor Sousa Santos,Distraido,2026-03-20 08:27:46,2026-03-20 08:29:14,88.0,2026-03-20,simulated
Escola Estadual Criança Esperança,Português,Professor_Bruno,51e028c29914c6103719ccf21258789707dbb3234a716394f10de9ae5349d033,Pedro Vitor Sousa Santos,Perguntando,2026-03-20 08:29:17,2026-03-20 08:29:53,36.0,2026-03-20,simulated
Escola Estadual Criança Esperança,Português,Professor_Bruno,51e028c29914c6103719ccf21258789707dbb3234a716394f10de9ae5349d033,Pedro Vitor Sousa Santos,Atento,2026-03-20 08:29:55,2026-03-20 08:40:48,653.0,2026-03-20,simulated
Escola Estadual Criança Esperança,Português,Professor_Bruno,51e028c29914c6103719ccf21258789707dbb3234a716394f10de9ae5349d033,Pedro Vitor Sousa Santos,Perguntando,2026-03-20 08:40:55,2026-03-20 08:41:17,22.0,2026-03-20,simulated
Escola Estadual Criança Esperança,Português,Professor_Bruno,51e028c29914c6103719ccf21258789707dbb3234a716394f10de9ae5349d033,Pedro Vitor Sousa Santos,Atento,2026-03-20 08:41:24,2026-03-20 08:46:28,304.0,2026-03-20,simulated
Escola Estadual Criança Esperança,Português,Professor_Bruno,51e028c29914c6103719ccf21258789707dbb3234a716394f10de9ae5349d033,Pedro Vitor Sousa Santos,Perguntando,2026-03-20 08:46:30,2026-03-20 08:46:45,15.0,2026-03-20,simulated
Escola Estadual Criança Esperança,Português,Professor_Bruno,51e028c29914c6103719ccf21258789707dbb3234a716394f10de9ae5349d033,Pedro Vitor Sousa Santos,Atento,2026-03-20 08:46:45,2026-03-20 08:54:12,447.0,2026-03-20,simulated
Escola Estadual Criança Esperança,Português,Professor_Bruno,51e028c29914c6103719ccf21258789707dbb3234a716394f10de9ae5349d033,Pedro Vitor Sousa Santos,Dormindo,2026-03-20 08:54:17,2026-03-20 08:57:03,166.0,2026-03-20,simulated
Escola Estadual Criança Esperança,Português,Professor_Bruno,51e028c29914c6103719ccf21258789707dbb3234a716394f10de9ae5349d033,Pedro Vitor Sousa Santos,Perguntando,2026-03-20 08:57:11,2026-03-20 08:57:44,33.0,2026-03-20,simulated
Escola Estadual Criança Esperança,Português,Professor_Bruno,51e028c29914c6103719ccf21258789707dbb3234a716394f10de9ae5349d033,Pedro Vitor Sousa Santos,Atento,2026-03-20 08:57:48,2026-03-20 09:09:22,694.0,2026-03-20,simulated
Escola Estadual Criança Esperança,Português,Professor_Bruno,51e028c29914c6103719ccf21258789707dbb3234a716394f10de9ae5349d033,Pedro Vitor Sousa Santos,Perguntando,2026-03-20 09:09:26,2026-03-20 09:09:51,25.0,2026-03-20,simulated
Escola Estadual Criança Esperança,Português,Professor_Bruno,51e028c29914c6103719ccf21258789707dbb3234a716394f10de9ae5349d033,Pedro Vitor Sousa Santos,Atento,2026-03-20 09:09:56,2026-03-20 09:18:23,507.0,2026-03-20,simulated
Escola Estadual Criança Esperança,Português,Professor_Bruno,51e028c29914c6103719ccf21258789707dbb3234a716394f10de9ae5349d033,Pedro Vitor Sousa Santos,Perguntando,2026-03-20 09:18:24,2026-03-20 09:18:55,31.0,2026-03-20,simulated
Escola Estadual Criança Esperança,Português,Professor_Bruno,51e028c29914c6103719ccf21258789707dbb3234a716394f10de9ae5349d033,Pedro Vitor Sousa Santos,Agitado,2026-03-20 09:18:59,2026-03-20 09:19:38,39.0,2026-03-20,simulated
Escola Estadual Criança Esperança,Português,Professor_Bruno,51e028c29914c6103719ccf21258789707dbb3234a716394f10de9ae5349d033,Pedro Vitor Sousa Santos,Dormindo,2026-03-20 09:19:45,2026-03-20 09:21:42,117.0,2026-03-20,simulated
Escola Estadual Criança Esperança,Português,Professor_Bruno,51e028c29914c6103719ccf21258789707dbb3234a716394f10de9ae5349d033,Pedro Vitor Sousa Santos,Atento,2026-03-20 09:21:47,2026-03-20 09:28:08,381.0,2026-03-20,simulated
Escola Estadual Criança Esperança,Português,Professor_Bruno,51e028c29914c6103719ccf21258789707dbb3234a716394f10de9ae5349d033,Pedro Vitor Sousa Santos,Distraido,2026-03-20 09:28:08,2026-03-20 09:29:16,68.0,2026-03-20,simulated
Escola Estadual Criança Esperança,Português,Professor_Bruno,51e028c29914c6103719ccf21258789707dbb3234a716394f10de9ae5349d033,Pedro Vitor Sousa Santos,Perguntando,2026-03-20 09:29:24,2026-03-20 09:29:59,35.0,2026-03-20,simulated
Escola Estadual Criança Esperança,Português,Professor_Bruno,51e028c29914c6103719ccf21258789707dbb3234a716394f10de9ae5349d033,Pedro Vitor Sousa Santos,Atento,2026-03-20 09:30:02,2026-03-20 09:36:24,382.0,2026-03-20,simulated
Escola Estadual Criança Esperança,Português,Professor_Bruno,51e028c29914c6103719ccf21258789707dbb3234a716394f10de9ae5349d033,Pedro Vitor Sousa Santos,Dormindo,2026-03-20 09:36:26,2026-03-20 09:40:10,224.0,2026-03-20,simulated
Escola Estadual Criança Esperança,Português,Professor_Bruno,51e028c29914c6103719ccf21258789707dbb3234a716394f10de9ae5349d033,Pedro Vitor Sousa Santos,Atento,2026-03-20 09:40:10,2026-03-20 09:46:41,391.0,2026-03-20,simulated
Escola Estadual Criança Esperança,Português,Professor_Bruno,51e028c29914c6103719ccf21258789707dbb3234a716394f10de9ae5349d033,Pedro Vitor Sousa Santos,Distraido,2026-03-20 09:46:46,2026-03-20 09:47:34,48.0,2026-03-20,simulated
Escola Estadual Criança Esperança,Português,Professor_Bruno,51e028c29914c6103719ccf21258789707dbb3234a716394f10de9ae5349d033,Pedro Vitor Sousa Santos,Atento,2026-03-20 09:47:39,2026-03-20 09:57:49,610.0,2026-03-20,simulated
Escola Estadual Criança Esperança,Português,Professor_Bruno,51e028c29914c6103719ccf21258789707dbb3234a716394f10de9ae5349d033,Pedro Vitor Sousa Santos,Perguntando,2026-03-20 09:57:53,2026-03-20 09:58:07,14.0,2026-03-20,simulated
Escola Estadual Criança Esperança,Português,Professor_Bruno,51e028c29914c6103719ccf21258789707dbb3234a716394f10de9ae5349d033,Pedro Vitor Sousa Santos,Atento,2026-03-20 09:58:10,2026-03-20 10:09:25,675.0,2026-03-20,simulated
Escola Estadual Criança Esperança,Português,Professor_Bruno,51e028c29914c6103719ccf21258789707dbb3234a716394f10de9ae5349d033,Pedro Vitor Sousa Santos,Distraido,2026-03-20 10:09:29,2026-03-20 10:12:15,166.0,2026-03-20,simulated
Escola Estadual Criança Esperança,Português,Professor_Bruno,51e028c29914c6103719ccf21258789707dbb3234a716394f10de9ae5349d033,Pedro Vitor Sousa Santos,Perguntando,2026-03-20 10:12:23,2026-03-20 10:12:46,23.0,2026-03-20,simulated
Escola Estadual Criança Esperança,Português,Professor_Bruno,51e028c29914c6103719ccf21258789707dbb3234a716394f10de9ae5349d033,Pedro Vitor Sousa Santos,Atento,2026-03-20 10:12:51,2026-03-20 10:23:00,609.0,2026-03-20,simulated
Escola Estadual Criança Esperança,Português,Professor_Bruno,51e028c29914c6103719ccf21258789707dbb3234a716394f10de9ae5349d033,Pedro Vitor Sousa Santos,Perguntando,2026-03-20 10:23:02,2026-03-20 10:23:25,23.0,2026-03-20,simulated
Escola Estadual Criança Esperança,Português,Professor_Bruno,51e028c29914c6103719ccf21258789707dbb3234a716394f10de9ae5349d033,Pedro Vitor Sousa Santos,Atento,2026-03-20 10:23:30,2026-03-20 10:35:14,704.0,2026-03-20,simulated
Escola Estadual Criança Esperança,Português,Professor_Bruno,51e028c29914c6103719ccf21258789707dbb3234a716394f10de9ae5349d033,Pedro Vitor Sousa Santos,Distraido,2026-03-20 10:35:21,2026-03-20 10:37:00,99.0,2026-03-20,simulated
Escola Estadual Criança Esperança,Português,Professor_Bruno,51e028c29914c6103719ccf21258789707dbb3234a716394f10de9ae5349d033,Pedro Vitor Sousa Santos,Atento,2026-03-20 10:37:06,2026-03-20 10:45:23,497.0,2026-03-20,simulated
Escola Estadual Criança Esperança,Português,Professor_Bruno,51e028c29914c6103719ccf21258789707dbb3234a716394f10de9ae5349d033,Pedro Vitor Sousa Santos,Perguntando,2026-03-20 10:45:31,2026-03-20 10:46:03,32.0,2026-03-20,simulated
Escola Estadual Criança Esperança,Português,Professor_Bruno,51e028c29914c6103719ccf21258789707dbb3234a716394f10de9ae5349d033,Pedro Vitor Sousa Santos,Atento,2026-03-20 10:46:07,2026-03-20 10:56:59,652.0,2026-03-20,simulated
Escola Estadual Criança Esperança,Português,Professor_Bruno,51e028c29914c6103719ccf21258789707dbb3234a716394f10de9ae5349d033,Pedro Vitor Sousa Santos,Perguntando,2026-03-20 10:56:59,2026-03-20 10:57:10,11.0,2026-03-20,simulated
Escola Estadual Criança Esperança,Português,Professor_Bruno,51e028c29914c6103719ccf21258789707dbb3234a716394f10de9ae5349d033,Pedro Vitor Sousa Santos,Atento,2026-03-20 10:57:12,2026-03-20 11:07:27,615.0,2026-03-20,simulated
Escola Estadual Criança Esperança,Português,Professor_Bruno,51e028c29914c6103719ccf21258789707dbb3234a716394f10de9ae5349d033,Pedro Vitor Sousa Santos,Perguntando,2026-03-20 11:07:30,2026-03-20 11:08:05,35.0,2026-03-20,simulated
Escola Estadual Criança Esperança,Português,Professor_Bruno,51e028c29914c6103719ccf21258789707dbb3234a716394f10de9ae5349d033,Pedro Vitor Sousa Santos,Atento,2026-03-20 11:08:12,2026-03-20 11:17:05,533.0,2026-03-20,simulated
Escola Estadual Criança Esperança,Português,Professor_Bruno,51e028c29914c6103719ccf21258789707dbb3234a716394f10de9ae5349d033,Pedro Vitor Sousa Santos,Perguntando,2026-03-20 11:17:12,2026-03-20 11:17:24,12.0,2026-03-20,simulated
Escola Estadual Criança Esperança,Português,Professor_Bruno,51e028c29914c6103719ccf21258789707dbb3234a716394f10de9ae5349d033,Pedro Vitor Sousa Santos,Atento,2026-03-20 11:17:28,2026-03-20 11:25:31,483.0,2026-03-20,simulated
Escola Estadual Criança Esperança,Português,Professor_Bruno,51e028c29914c6103719ccf21258789707dbb3234a716394f10de9ae5349d033,Pedro Vitor Sousa Santos,Agitado,2026-03-20 11:25:39,2026-03-20 11:26:00,21.0,2026-03-20,simulated
Escola Estadual Criança Esperança,Português,Professor_Bruno,51e028c29914c6103719ccf21258789707dbb3234a716394f10de9ae5349d033,Pedro Vitor Sousa Santos,Perguntando,2026-03-20 11:26:06,2026-03-20 11:26:29,23.0,2026-03-20,simulated
Escola Estadual Criança Esperança,Português,Professor_Bruno,51e028c29914c6103719ccf21258789707dbb3234a716394f10de9ae5349d033,Pedro Vitor Sousa Santos,Agitado,2026-03-20 11:26:29,2026-03-20 11:27:05,36.0,2026-03-20,simulated
Escola Estadual Criança Esperança,Português,Professor_Bruno,51e028c29914c6103719ccf21258789707dbb3234a716394f10de9ae5349d033,Pedro Vitor Sousa Santos,Atento,2026-03-20 11:27:07,2026-03-20 11:34:47,460.0,2026-03-20,simulated
Escola Estadual Criança Esperança,Português,Professor_Bruno,51e028c29914c6103719ccf21258789707dbb3234a716394f10de9ae5349d033,Pedro Vitor Sousa Santos,Perguntando,2026-03-20 11:34:47,2026-03-20 11:35:12,25.0,2026-03-20,simulated
Escola Estadual Criança Esperança,Português,Professor_Bruno,51e028c29914c6103719ccf21258789707dbb3234a716394f10de9ae5349d033,Pedro Vitor Sousa Santos,Atento,2026-03-20 11:35:12,2026-03-20 11:42:00,408.0,2026-03-20,simulated
Escola Estadual Criança Esperança,Português,Professor_Bruno,eb3c72a0bb37fffc786f4ab3c5d9dcfeff614019a87ad1548133b55826c3b9fa,Bruno Dias,Dormindo,2026-03-20 08:04:00,2026-03-20 08:05:01,61.0,2026-03-20,simulated
Escola Estadual Criança Esperança,Português,Professor_Bruno,eb3c72a0bb37fffc786f4ab3c5d9dcfeff614019a87ad1548133b55826c3b9fa,Bruno Dias,Distraido,2026-03-20 08:05:08,2026-03-20 08:06:30,82.0,2026-03-20,simulated
Escola Estadual Criança Esperança,Português,Professor_Bruno,eb3c72a0bb37fffc786f4ab3c5d9dcfeff614019a87ad1548133b55826c3b9fa,Bruno Dias,Dormindo,2026-03-20 08:06:32,2026-03-20 08:08:52,140.0,2026-03-20,simulated
Escola Estadual Criança Esperança,Português,Professor_Bruno,eb3c72a0bb37fffc786f4ab3c5d9dcfeff614019a87ad1548133b55826c3b9fa,Bruno Dias,Atento,2026-03-20 08:08:52,2026-03-20 08:17:12,500.0,2026-03-20,simulated
Escola Estadual Criança Esperança,Português,Professor_Bruno,eb3c72a0bb37fffc786f4ab3c5d9dcfeff614019a87ad1548133b55826c3b9fa,Bruno Dias,Distraido,2026-03-20 08:17:20,2026-03-20 08:18:33,73.0,2026-03-20,simulated
Escola Estadual Criança Esperança,Português,Professor_Bruno,eb3c72a0bb37fffc786f4ab3c5d9dcfeff614019a87ad1548133b55826c3b9fa,Bruno Dias,Atento,2026-03-20 08:18:34,2026-03-20 08:27:42,548.0,2026-03-20,simulated
Escola Estadual Criança Esperança,Português,Professor_Bruno,eb3c72a0bb37fffc786f4ab3c5d9dcfeff614019a87ad1548133b55826c3b9fa,Bruno Dias,Perguntando,2026-03-20 08:27:49,2026-03-20 08:28:21,32.0,2026-03-20,simulated
Escola Estadual Criança Esperança,Português,Professor_Bruno,eb3c72a0bb37fffc786f4ab3c5d9dcfeff614019a87ad1548133b55826c3b9fa,Bruno Dias,Atento,2026-03-20 08:28:23,2026-03-20 08:36:54,511.0,2026-03-20,simulated
Escola Estadual Criança Esperança,Português,Professor_Bruno,eb3c72a0bb37fffc786f4ab3c5d9dcfeff614019a87ad1548133b55826c3b9fa,Bruno Dias,Distraido,2026-03-20 08:36:56,2026-03-20 08:39:49,173.0,2026-03-20,simulated
Escola Estadual Criança Esperança,Português,Professor_Bruno,eb3c72a0bb37fffc786f4ab3c5d9dcfeff614019a87ad1548133b55826c3b9fa,Bruno Dias,Perguntando,2026-03-20 08:39:54,2026-03-20 08:40:16,22.0,2026-03-20,simulated
Escola Estadual Criança Esperança,Português,Professor_Bruno,eb3c72a0bb37fffc786f4ab3c5d9dcfeff614019a87ad1548133b55826c3b9fa,Bruno Dias,Atento,2026-03-20 08:40:19,2026-03-20 08:51:27,668.0,2026-03-20,simulated
Escola Estadual Criança Esperança,Português,Professor_Bruno,eb3c72a0bb37fffc786f4ab3c5d9dcfeff614019a87ad1548133b55826c3b9fa,Bruno Dias,Agitado,2026-03-20 08:51:29,2026-03-20 08:51:56,27.0,2026-03-20,simulated
Escola Estadual Criança Esperança,Português,Professor_Bruno,eb3c72a0bb37fffc786f4ab3c5d9dcfeff614019a87ad1548133b55826c3b9fa,Bruno Dias,Distraido,2026-03-20 08:51:56,2026-03-20 08:53:30,94.0,2026-03-20,simulated
Escola Estadual Criança Esperança,Português,Professor_Bruno,eb3c72a0bb37fffc786f4ab3c5d9dcfeff614019a87ad1548133b55826c3b9fa,Bruno Dias,Atento,2026-03-20 08:53:30,2026-03-20 09:01:52,502.0,2026-03-20,simulated
Escola Estadual Criança Esperança,Português,Professor_Bruno,eb3c72a0bb37fffc786f4ab3c5d9dcfeff614019a87ad1548133b55826c3b9fa,Bruno Dias,Distraido,2026-03-20 09:01:59,2026-03-20 09:04:29,150.0,2026-03-20,simulated
Escola Estadual Criança Esperança,Português,Professor_Bruno,eb3c72a0bb37fffc786f4ab3c5d9dcfeff614019a87ad1548133b55826c3b9fa,Bruno Dias,Agitado,2026-03-20 09:04:34,2026-03-20 09:05:47,73.0,2026-03-20,simulated
Escola Estadual Criança Esperança,Português,Professor_Bruno,eb3c72a0bb37fffc786f4ab3c5d9dcfeff614019a87ad1548133b55826c3b9fa,Bruno Dias,Atento,2026-03-20 09:05:48,2026-03-20 09:11:21,333.0,2026-03-20,simulated
Escola Estadual Criança Esperança,Português,Professor_Bruno,eb3c72a0bb37fffc786f4ab3c5d9dcfeff614019a87ad1548133b55826c3b9fa,Bruno Dias,Distraido,2026-03-20 09:11:29,2026-03-20 09:14:03,154.0,2026-03-20,simulated
Escola Estadual Criança Esperança,Português,Professor_Bruno,eb3c72a0bb37fffc786f4ab3c5d9dcfeff614019a87ad1548133b55826c3b9fa,Bruno Dias,Perguntando,2026-03-20 09:14:09,2026-03-20 09:14:43,34.0,2026-03-20,simulated
Escola Estadual Criança Esperança,Português,Professor_Bruno,eb3c72a0bb37fffc786f4ab3c5d9dcfeff614019a87ad1548133b55826c3b9fa,Bruno Dias,Atento,2026-03-20 09:14:49,2026-03-20 09:22:16,447.0,2026-03-20,simulated
Escola Estadual Criança Esperança,Português,Professor_Bruno,eb3c72a0bb37fffc786f4ab3c5d9dcfeff614019a87ad1548133b55826c3b9fa,Bruno Dias,Dormindo,2026-03-20 09:22:18,2026-03-20 09:23:33,75.0,2026-03-20,simulated
Escola Estadual Criança Esperança,Português,Professor_Bruno,eb3c72a0bb37fffc786f4ab3c5d9dcfeff614019a87ad1548133b55826c3b9fa,Bruno Dias,Distraido,2026-03-20 09:23:40,2026-03-20 09:24:47,67.0,2026-03-20,simulated
Escola Estadual Criança Esperança,Português,Professor_Bruno,eb3c72a0bb37fffc786f4ab3c5d9dcfeff614019a87ad1548133b55826c3b9fa,Bruno Dias,Atento,2026-03-20 09:24:51,2026-03-20 09:32:39,468.0,2026-03-20,simulated
Escola Estadual Criança Esperança,Português,Professor_Bruno,eb3c72a0bb37fffc786f4ab3c5d9dcfeff614019a87ad1548133b55826c3b9fa,Bruno Dias,Distraido,2026-03-20 09:32:41,2026-03-20 09:34:02,81.0,2026-03-20,simulated
Escola Estadual Criança Esperança,Português,Professor_Bruno,eb3c72a0bb37fffc786f4ab3c5d9dcfeff614019a87ad1548133b55826c3b9fa,Bruno Dias,Dormindo,2026-03-20 09:34:05,2026-03-20 09:38:30,265.0,2026-03-20,simulated
Escola Estadual Criança Esperança,Português,Professor_Bruno,eb3c72a0bb37fffc786f4ab3c5d9dcfeff614019a87ad1548133b55826c3b9fa,Bruno Dias,Atento,2026-03-20 09:38:38,2026-03-20 09:44:25,347.0,2026-03-20,simulated
Escola Estadual Criança Esperança,Português,Professor_Bruno,eb3c72a0bb37fffc786f4ab3c5d9dcfeff614019a87ad1548133b55826c3b9fa,Bruno Dias,Distraido,2026-03-20 09:44:31,2026-03-20 09:45:50,79.0,2026-03-20,simulated
Escola Estadual Criança Esperança,Português,Professor_Bruno,eb3c72a0bb37fffc786f4ab3c5d9dcfeff614019a87ad1548133b55826c3b9fa,Bruno Dias,Dormindo,2026-03-20 09:45:50,2026-03-20 09:47:56,126.0,2026-03-20,simulated
Escola Estadual Criança Esperança,Português,Professor_Bruno,eb3c72a0bb37fffc786f4ab3c5d9dcfeff614019a87ad1548133b55826c3b9fa,Bruno Dias,Distraido,2026-03-20 09:48:03,2026-03-20 09:51:00,177.0,2026-03-20,simulated
Escola Estadual Criança Esperança,Português,Professor_Bruno,eb3c72a0bb37fffc786f4ab3c5d9dcfeff614019a87ad1548133b55826c3b9fa,Bruno Dias,Atento,2026-03-20 09:51:03,2026-03-20 09:56:54,351.0,2026-03-20,simulated
Escola Estadual Criança Esperança,Português,Professor_Bruno,eb3c72a0bb37fffc786f4ab3c5d9dcfeff614019a87ad1548133b55826c3b9fa,Bruno Dias,Agitado,2026-03-20 09:57:00,2026-03-20 09:58:07,67.0,2026-03-20,simulated
Escola Estadual Criança Esperança,Português,Professor_Bruno,eb3c72a0bb37fffc786f4ab3c5d9dcfeff614019a87ad1548133b55826c3b9fa,Bruno Dias,Dormindo,2026-03-20 09:58:15,2026-03-20 10:01:25,190.0,2026-03-20,simulated
Escola Estadual Criança Esperança,Português,Professor_Bruno,eb3c72a0bb37fffc786f4ab3c5d9dcfeff614019a87ad1548133b55826c3b9fa,Bruno Dias,Atento,2026-03-20 10:01:33,2026-03-20 10:13:12,699.0,2026-03-20,simulated
Escola Estadual Criança Esperança,Português,Professor_Bruno,eb3c72a0bb37fffc786f4ab3c5d9dcfeff614019a87ad1548133b55826c3b9fa,Bruno Dias,Distraido,2026-03-20 10:13:15,2026-03-20 10:15:59,164.0,2026-03-20,simulated
Escola Estadual Criança Esperança,Português,Professor_Bruno,eb3c72a0bb37fffc786f4ab3c5d9dcfeff614019a87ad1548133b55826c3b9fa,Bruno Dias,Dormindo,2026-03-20 10:16:03,2026-03-20 10:17:31,88.0,2026-03-20,simulated
Escola Estadual Criança Esperança,Português,Professor_Bruno,eb3c72a0bb37fffc786f4ab3c5d9dcfeff614019a87ad1548133b55826c3b9fa,Bruno Dias,Distraido,2026-03-20 10:17:32,2026-03-20 10:19:19,107.0,2026-03-20,simulated
Escola Estadual Criança Esperança,Português,Professor_Bruno,eb3c72a0bb37fffc786f4ab3c5d9dcfeff614019a87ad1548133b55826c3b9fa,Bruno Dias,Agitado,2026-03-20 10:19:24,2026-03-20 10:20:07,43.0,2026-03-20,simulated
Escola Estadual Criança Esperança,Português,Professor_Bruno,eb3c72a0bb37fffc786f4ab3c5d9dcfeff614019a87ad1548133b55826c3b9fa,Bruno Dias,Dormindo,2026-03-20 10:20:09,2026-03-20 10:24:35,266.0,2026-03-20,simulated
Escola Estadual Criança Esperança,Português,Professor_Bruno,eb3c72a0bb37fffc786f4ab3c5d9dcfeff614019a87ad1548133b55826c3b9fa,Bruno Dias,Atento,2026-03-20 10:24:39,2026-03-20 10:35:18,639.0,2026-03-20,simulated
Escola Estadual Criança Esperança,Português,Professor_Bruno,eb3c72a0bb37fffc786f4ab3c5d9dcfeff614019a87ad1548133b55826c3b9fa,Bruno Dias,Agitado,2026-03-20 10:35:21,2026-03-20 10:36:45,84.0,2026-03-20,simulated
Escola Estadual Criança Esperança,Português,Professor_Bruno,eb3c72a0bb37fffc786f4ab3c5d9dcfeff614019a87ad1548133b55826c3b9fa,Bruno Dias,Atento,2026-03-20 10:36:49,2026-03-20 10:47:43,654.0,2026-03-20,simulated
Escola Estadual Criança Esperança,Português,Professor_Bruno,eb3c72a0bb37fffc786f4ab3c5d9dcfeff614019a87ad1548133b55826c3b9fa,Bruno Dias,Agitado,2026-03-20 10:47:45,2026-03-20 10:49:04,79.0,2026-03-20,simulated
Escola Estadual Criança Esperança,Português,Professor_Bruno,eb3c72a0bb37fffc786f4ab3c5d9dcfeff614019a87ad1548133b55826c3b9fa,Bruno Dias,Distraido,2026-03-20 10:49:12,2026-03-20 10:52:02,170.0,2026-03-20,simulated
Escola Estadual Criança Esperança,Português,Professor_Bruno,eb3c72a0bb37fffc786f4ab3c5d9dcfeff614019a87ad1548133b55826c3b9fa,Bruno Dias,Atento,2026-03-20 10:52:09,2026-03-20 11:01:15,546.0,2026-03-20,simulated
Escola Estadual Criança Esperança,Português,Professor_Bruno,eb3c72a0bb37fffc786f4ab3c5d9dcfeff614019a87ad1548133b55826c3b9fa,Bruno Dias,Distraido,2026-03-20 11:01:21,2026-03-20 11:02:46,85.0,2026-03-20,simulated
Escola Estadual Criança Esperança,Português,Professor_Bruno,eb3c72a0bb37fffc786f4ab3c5d9dcfeff614019a87ad1548133b55826c3b9fa,Bruno Dias,Atento,2026-03-20 11:02:51,2026-03-20 11:08:44,353.0,2026-03-20,simulated
Escola Estadual Criança Esperança,Português,Professor_Bruno,eb3c72a0bb37fffc786f4ab3c5d9dcfeff614019a87ad1548133b55826c3b9fa,Bruno Dias,Perguntando,2026-03-20 11:08:49,2026-03-20 11:09:14,25.0,2026-03-20,simulated
Escola Estadual Criança Esperança,Português,Professor_Bruno,eb3c72a0bb37fffc786f4ab3c5d9dcfeff614019a87ad1548133b55826c3b9fa,Bruno Dias,Atento,2026-03-20 11:09:21,2026-03-20 11:17:17,476.0,2026-03-20,simulated
Escola Estadual Criança Esperança,Português,Professor_Bruno,eb3c72a0bb37fffc786f4ab3c5d9dcfeff614019a87ad1548133b55826c3b9fa,Bruno Dias,Distraido,2026-03-20 11:17:22,2026-03-20 11:20:03,161.0,2026-03-20,simulated
Escola Estadual Criança Esperança,Português,Professor_Bruno,eb3c72a0bb37fffc786f4ab3c5d9dcfeff614019a87ad1548133b55826c3b9fa,Bruno Dias,Agitado,2026-03-20 11:20:07,2026-03-20 11:20:27,20.0,2026-03-20,simulated
Escola Estadual Criança Esperança,Português,Professor_Bruno,eb3c72a0bb37fffc786f4ab3c5d9dcfeff614019a87ad1548133b55826c3b9fa,Bruno Dias,Distraido,2026-03-20 11:20:32,2026-03-20 11:22:28,116.0,2026-03-20,simulated
Escola Estadual Criança Esperança,Português,Professor_Bruno,eb3c72a0bb37fffc786f4ab3c5d9dcfeff614019a87ad1548133b55826c3b9fa,Bruno Dias,Agitado,2026-03-20 11:22:33,2026-03-20 11:23:59,86.0,2026-03-20,simulated
Escola Estadual Criança Esperança,Português,Professor_Bruno,eb3c72a0bb37fffc786f4ab3c5d9dcfeff614019a87ad1548133b55826c3b9fa,Bruno Dias,Distraido,2026-03-20 11:23:59,2026-03-20 11:24:58,59.0,2026-03-20,simulated
Escola Estadual Criança Esperança,Português,Professor_Bruno,eb3c72a0bb37fffc786f4ab3c5d9dcfeff614019a87ad1548133b55826c3b9fa,Bruno Dias,Agitado,2026-03-20 11:25:03,2026-03-20 11:26:32,89.0,2026-03-20,simulated
Escola Estadual Criança Esperança,Português,Professor_Bruno,eb3c72a0bb37fffc786f4ab3c5d9dcfeff614019a87ad1548133b55826c3b9fa,Bruno Dias,Atento,2026-03-20 11:26:34,2026-03-20 11:35:39,545.0,2026-03-20,simulated
Escola Estadual Criança Esperança,Português,Professor_Bruno,eb3c72a0bb37fffc786f4ab3c5d9dcfeff614019a87ad1548133b55826c3b9fa,Bruno Dias,Perguntando,2026-03-20 11:35:47,2026-03-20 11:36:06,19.0,2026-03-20,simulated
Escola Estadual Criança Esperança,Português,Professor_Bruno,eb3c72a0bb37fffc786f4ab3c5d9dcfeff614019a87ad1548133b55826c3b9fa,Bruno Dias,Distraido,2026-03-20 11:36:11,2026-03-20 11:38:20,129.0,2026-03-20,simulated
Escola Estadual Criança Esperança,Português,Professor_Bruno,eb3c72a0bb37fffc786f4ab3c5d9dcfeff614019a87ad1548133b55826c3b9fa,Bruno Dias,Agitado,2026-03-20 11:38:26,2026-03-20 11:38:51,25.0,2026-03-20,simulated
Escola Estadual Criança Esperança,Português,Professor_Bruno,eb3c72a0bb37fffc786f4ab3c5d9dcfeff614019a87ad1548133b55826c3b9fa,Bruno Dias,Distraido,2026-03-20 11:38:57,2026-03-20 11:41:48,171.0,2026-03-20,simulated
Escola Estadual Criança Esperança,Português,Professor_Bruno,eb3c72a0bb37fffc786f4ab3c5d9dcfeff614019a87ad1548133b55826c3b9fa,Bruno Dias,Atento,2026-03-20 11:41:52,2026-03-20 11:44:00,128.0,2026-03-20,simulated
Escola Estadual Criança Esperança,Português,Professor_Bruno,dc9a95b5ba8bb57ac1e73ab7f8c125406ac4da1026d061aaf30426faf91b662f,Ruti da Costa Lima,Distraido,2026-03-20 08:06:00,2026-03-20 08:08:16,136.0,2026-03-20,simulated
Escola Estadual Criança Esperança,Português,Professor_Bruno,dc9a95b5ba8bb57ac1e73ab7f8c125406ac4da1026d061aaf30426faf91b662f,Ruti da Costa Lima,Atento,2026-03-20 08:08:19,2026-03-20 08:18:05,586.0,2026-03-20,simulated
Escola Estadual Criança Esperança,Português,Professor_Bruno,dc9a95b5ba8bb57ac1e73ab7f8c125406ac4da1026d061aaf30426faf91b662f,Ruti da Costa Lima,Distraido,2026-03-20 08:18:10,2026-03-20 08:19:25,75.0,2026-03-20,simulated
Escola Estadual Criança Esperança,Português,Professor_Bruno,dc9a95b5ba8bb57ac1e73ab7f8c125406ac4da1026d061aaf30426faf91b662f,Ruti da Costa Lima,Dormindo,2026-03-20 08:19:31,2026-03-20 08:24:31,300.0,2026-03-20,simulated
Escola Estadual Criança Esperança,Português,Professor_Bruno,dc9a95b5ba8bb57ac1e73ab7f8c125406ac4da1026d061aaf30426faf91b662f,Ruti da Costa Lima,Distraido,2026-03-20 08:24:32,2026-03-20 08:26:27,115.0,2026-03-20,simulated
Escola Estadual Criança Esperança,Português,Professor_Bruno,dc9a95b5ba8bb57ac1e73ab7f8c125406ac4da1026d061aaf30426faf91b662f,Ruti da Costa Lima,Atento,2026-03-20 08:26:28,2026-03-20 08:34:50,502.0,2026-03-20,simulated
Escola Estadual Criança Esperança,Português,Professor_Bruno,dc9a95b5ba8bb57ac1e73ab7f8c125406ac4da1026d061aaf30426faf91b662f,Ruti da Costa Lima,Dormindo,2026-03-20 08:34:57,2026-03-20 08:37:04,127.0,2026-03-20,simulated
Escola Estadual Criança Esperança,Português,Professor_Bruno,dc9a95b5ba8bb57ac1e73ab7f8c125406ac4da1026d061aaf30426faf91b662f,Ruti da Costa Lima,Distraido,2026-03-20 08:37:10,2026-03-20 08:40:08,178.0,2026-03-20,simulated
Escola Estadual Criança Esperança,Português,Professor_Bruno,dc9a95b5ba8bb57ac1e73ab7f8c125406ac4da1026d061aaf30426faf91b662f,Ruti da Costa Lima,Atento,2026-03-20 08:40:13,2026-03-20 08:46:12,359.0,2026-03-20,simulated
Escola Estadual Criança Esperança,Português,Professor_Bruno,dc9a95b5ba8bb57ac1e73ab7f8c125406ac4da1026d061aaf30426faf91b662f,Ruti da Costa Lima,Distraido,2026-03-20 08:46:20,2026-03-20 08:48:37,137.0,2026-03-20,simulated
Escola Estadual Criança Esperança,Português,Professor_Bruno,dc9a95b5ba8bb57ac1e73ab7f8c125406ac4da1026d061aaf30426faf91b662f,Ruti da Costa Lima,Dormindo,2026-03-20 08:48:44,2026-03-20 08:52:48,244.0,2026-03-20,simulated
Escola Estadual Criança Esperança,Português,Professor_Bruno,dc9a95b5ba8bb57ac1e73ab7f8c125406ac4da1026d061aaf30426faf91b662f,Ruti da Costa Lima,Atento,2026-03-20 08:52:51,2026-03-20 08:59:57,426.0,2026-03-20,simulated
Escola Estadual Criança Esperança,Português,Professor_Bruno,dc9a95b5ba8bb57ac1e73ab7f8c125406ac4da1026d061aaf30426faf91b662f,Ruti da Costa Lima,Perguntando,2026-03-20 09:00:03,2026-03-20 09:00:13,10.0,2026-03-20,simulated
Escola Estadual Criança Esperança,Português,Professor_Bruno,dc9a95b5ba8bb57ac1e73ab7f8c125406ac4da1026d061aaf30426faf91b662f,Ruti da Costa Lima,Distraido,2026-03-20 09:00:15,2026-03-20 09:02:12,117.0,2026-03-20,simulated
Escola Estadual Criança Esperança,Português,Professor_Bruno,dc9a95b5ba8bb57ac1e73ab7f8c125406ac4da1026d061aaf30426faf91b662f,Ruti da Costa Lima,Perguntando,2026-03-20 09:02:16,2026-03-20 09:02:49,33.0,2026-03-20,simulated
Escola Estadual Criança Esperança,Português,Professor_Bruno,dc9a95b5ba8bb57ac1e73ab7f8c125406ac4da1026d061aaf30426faf91b662f,Ruti da Costa Lima,Dormindo,2026-03-20 09:02:57,2026-03-20 09:06:36,219.0,2026-03-20,simulated
Escola Estadual Criança Esperança,Português,Professor_Bruno,dc9a95b5ba8bb57ac1e73ab7f8c125406ac4da1026d061aaf30426faf91b662f,Ruti da Costa Lima,Distraido,2026-03-20 09:06:42,2026-03-20 09:09:13,151.0,2026-03-20,simulated
Escola Estadual Criança Esperança,Português,Professor_Bruno,dc9a95b5ba8bb57ac1e73ab7f8c125406ac4da1026d061aaf30426faf91b662f,Ruti da Costa Lima,Dormindo,2026-03-20 09:09:16,2026-03-20 09:11:49,153.0,2026-03-20,simulated
Escola Estadual Criança Esperança,Português,Professor_Bruno,dc9a95b5ba8bb57ac1e73ab7f8c125406ac4da1026d061aaf30426faf91b662f,Ruti da Costa Lima,Atento,2026-03-20 09:11:57,2026-03-20 09:20:24,507.0,2026-03-20,simulated
Escola Estadual Criança Esperança,Português,Professor_Bruno,dc9a95b5ba8bb57ac1e73ab7f8c125406ac4da1026d061aaf30426faf91b662f,Ruti da Costa Lima,Dormindo,2026-03-20 09:20:31,2026-03-20 09:24:22,231.0,2026-03-20,simulated
Escola Estadual Criança Esperança,Português,Professor_Bruno,dc9a95b5ba8bb57ac1e73ab7f8c125406ac4da1026d061aaf30426faf91b662f,Ruti da Costa Lima,Agitado,2026-03-20 09:24:25,2026-03-20 09:25:20,55.0,2026-03-20,simulated
Escola Estadual Criança Esperança,Português,Professor_Bruno,dc9a95b5ba8bb57ac1e73ab7f8c125406ac4da1026d061aaf30426faf91b662f,Ruti da Costa Lima,Perguntando,2026-03-20 09:25:22,2026-03-20 09:25:42,20.0,2026-03-20,simulated
Escola Estadual Criança Esperança,Português,Professor_Bruno,dc9a95b5ba8bb57ac1e73ab7f8c125406ac4da1026d061aaf30426faf91b662f,Ruti da Costa Lima,Dormindo,2026-03-20 09:25:49,2026-03-20 09:28:42,173.0,2026-03-20,simulated
Escola Estadual Criança Esperança,Português,Professor_Bruno,dc9a95b5ba8bb57ac1e73ab7f8c125406ac4da1026d061aaf30426faf91b662f,Ruti da Costa Lima,Atento,2026-03-20 09:28:49,2026-03-20 09:34:39,350.0,2026-03-20,simulated
Escola Estadual Criança Esperança,Português,Professor_Bruno,dc9a95b5ba8bb57ac1e73ab7f8c125406ac4da1026d061aaf30426faf91b662f,Ruti da Costa Lima,Dormindo,2026-03-20 09:34:41,2026-03-20 09:38:44,243.0,2026-03-20,simulated
Escola Estadual Criança Esperança,Português,Professor_Bruno,dc9a95b5ba8bb57ac1e73ab7f8c125406ac4da1026d061aaf30426faf91b662f,Ruti da Costa Lima,Distraido,2026-03-20 09:38:48,2026-03-20 09:40:10,82.0,2026-03-20,simulated
Escola Estadual Criança Esperança,Português,Professor_Bruno,dc9a95b5ba8bb57ac1e73ab7f8c125406ac4da1026d061aaf30426faf91b662f,Ruti da Costa Lima,Agitado,2026-03-20 09:40:11,2026-03-20 09:41:37,86.0,2026-03-20,simulated
Escola Estadual Criança Esperança,Português,Professor_Bruno,dc9a95b5ba8bb57ac1e73ab7f8c125406ac4da1026d061aaf30426faf91b662f,Ruti da Costa Lima,Distraido,2026-03-20 09:41:44,2026-03-20 09:44:43,179.0,2026-03-20,simulated
Escola Estadual Criança Esperança,Português,Professor_Bruno,dc9a95b5ba8bb57ac1e73ab7f8c125406ac4da1026d061aaf30426faf91b662f,Ruti da Costa Lima,Perguntando,2026-03-20 09:44:44,2026-03-20 09:45:20,36.0,2026-03-20,simulated
Escola Estadual Criança Esperança,Português,Professor_Bruno,dc9a95b5ba8bb57ac1e73ab7f8c125406ac4da1026d061aaf30426faf91b662f,Ruti da Costa Lima,Dormindo,2026-03-20 09:45:21,2026-03-20 09:47:41,140.0,2026-03-20,simulated
Escola Estadual Criança Esperança,Português,Professor_Bruno,dc9a95b5ba8bb57ac1e73ab7f8c125406ac4da1026d061aaf30426faf91b662f,Ruti da Costa Lima,Atento,2026-03-20 09:47:46,2026-03-20 09:58:40,654.0,2026-03-20,simulated
Escola Estadual Criança Esperança,Português,Professor_Bruno,dc9a95b5ba8bb57ac1e73ab7f8c125406ac4da1026d061aaf30426faf91b662f,Ruti da Costa Lima,Distraido,2026-03-20 09:58:43,2026-03-20 10:00:14,91.0,2026-03-20,simulated
Escola Estadual Criança Esperança,Português,Professor_Bruno,dc9a95b5ba8bb57ac1e73ab7f8c125406ac4da1026d061aaf30426faf91b662f,Ruti da Costa Lima,Dormindo,2026-03-20 10:00:20,2026-03-20 10:02:58,158.0,2026-03-20,simulated
Escola Estadual Criança Esperança,Português,Professor_Bruno,dc9a95b5ba8bb57ac1e73ab7f8c125406ac4da1026d061aaf30426faf91b662f,Ruti da Costa Lima,Distraido,2026-03-20 10:02:58,2026-03-20 10:05:30,152.0,2026-03-20,simulated
Escola Estadual Criança Esperança,Português,Professor_Bruno,dc9a95b5ba8bb57ac1e73ab7f8c125406ac4da1026d061aaf30426faf91b662f,Ruti da Costa Lima,Atento,2026-03-20 10:05:38,2026-03-20 10:15:29,591.0,2026-03-20,simulated
Escola Estadual Criança Esperança,Português,Professor_Bruno,dc9a95b5ba8bb57ac1e73ab7f8c125406ac4da1026d061aaf30426faf91b662f,Ruti da Costa Lima,Dormindo,2026-03-20 10:15:29,2026-03-20 10:20:03,274.0,2026-03-20,simulated
Escola Estadual Criança Esperança,Português,Professor_Bruno,dc9a95b5ba8bb57ac1e73ab7f8c125406ac4da1026d061aaf30426faf91b662f,Ruti da Costa Lima,Distraido,2026-03-20 10:20:05,2026-03-20 10:21:12,67.0,2026-03-20,simulated
Escola Estadual Criança Esperança,Português,Professor_Bruno,dc9a95b5ba8bb57ac1e73ab7f8c125406ac4da1026d061aaf30426faf91b662f,Ruti da Costa Lima,Dormindo,2026-03-20 10:21:16,2026-03-20 10:23:35,139.0,2026-03-20,simulated
Escola Estadual Criança Esperança,Português,Professor_Bruno,dc9a95b5ba8bb57ac1e73ab7f8c125406ac4da1026d061aaf30426faf91b662f,Ruti da Costa Lima,Agitado,2026-03-20 10:23:35,2026-03-20 10:24:40,65.0,2026-03-20,simulated
Escola Estadual Criança Esperança,Português,Professor_Bruno,dc9a95b5ba8bb57ac1e73ab7f8c125406ac4da1026d061aaf30426faf91b662f,Ruti da Costa Lima,Dormindo,2026-03-20 10:24:45,2026-03-20 10:28:07,202.0,2026-03-20,simulated
Escola Estadual Criança Esperança,Português,Professor_Bruno,dc9a95b5ba8bb57ac1e73ab7f8c125406ac4da1026d061aaf30426faf91b662f,Ruti da Costa Lima,Atento,2026-03-20 10:28:10,2026-03-20 10:39:11,661.0,2026-03-20,simulated
Escola Estadual Criança Esperança,Português,Professor_Bruno,dc9a95b5ba8bb57ac1e73ab7f8c125406ac4da1026d061aaf30426faf91b662f,Ruti da Costa Lima,Distraido,2026-03-20 10:39:19,2026-03-20 10:41:27,128.0,2026-03-20,simulated
Escola Estadual Criança Esperança,Português,Professor_Bruno,dc9a95b5ba8bb57ac1e73ab7f8c125406ac4da1026d061aaf30426faf91b662f,Ruti da Costa Lima,Agitado,2026-03-20 10:41:33,2026-03-20 10:42:21,48.0,2026-03-20,simulated
Escola Estadual Criança Esperança,Português,Professor_Bruno,dc9a95b5ba8bb57ac1e73ab7f8c125406ac4da1026d061aaf30426faf91b662f,Ruti da Costa Lima,Dormindo,2026-03-20 10:42:28,2026-03-20 10:46:32,244.0,2026-03-20,simulated
Escola Estadual Criança Esperança,Português,Professor_Bruno,dc9a95b5ba8bb57ac1e73ab7f8c125406ac4da1026d061aaf30426faf91b662f,Ruti da Costa Lima,Distraido,2026-03-20 10:46:39,2026-03-20 10:47:56,77.0,2026-03-20,simulated
Escola Estadual Criança Esperança,Português,Professor_Bruno,dc9a95b5ba8bb57ac1e73ab7f8c125406ac4da1026d061aaf30426faf91b662f,Ruti da Costa Lima,Atento,2026-03-20 10:47:56,2026-03-20 10:55:17,441.0,2026-03-20,simulated
Escola Estadual Criança Esperança,Português,Professor_Bruno,dc9a95b5ba8bb57ac1e73ab7f8c125406ac4da1026d061aaf30426faf91b662f,Ruti da Costa Lima,Dormindo,2026-03-20 10:55:24,2026-03-20 10:59:21,237.0,2026-03-20,simulated
Escola Estadual Criança Esperança,Português,Professor_Bruno,dc9a95b5ba8bb57ac1e73ab7f8c125406ac4da1026d061aaf30426faf91b662f,Ruti da Costa Lima,Agitado,2026-03-20 10:59:22,2026-03-20 11:00:28,66.0,2026-03-20,simulated
Escola Estadual Criança Esperança,Português,Professor_Bruno,dc9a95b5ba8bb57ac1e73ab7f8c125406ac4da1026d061aaf30426faf91b662f,Ruti da Costa Lima,Perguntando,2026-03-20 11:00:33,2026-03-20 11:00:43,10.0,2026-03-20,simulated
Escola Estadual Criança Esperança,Português,Professor_Bruno,dc9a95b5ba8bb57ac1e73ab7f8c125406ac4da1026d061aaf30426faf91b662f,Ruti da Costa Lima,Dormindo,2026-03-20 11:00:44,2026-03-20 11:04:04,200.0,2026-03-20,simulated
Escola Estadual Criança Esperança,Português,Professor_Bruno,dc9a95b5ba8bb57ac1e73ab7f8c125406ac4da1026d061aaf30426faf91b662f,Ruti da Costa Lima,Distraido,2026-03-20 11:04:07,2026-03-20 11:06:55,168.0,2026-03-20,simulated
Escola Estadual Criança Esperança,Português,Professor_Bruno,dc9a95b5ba8bb57ac1e73ab7f8c125406ac4da1026d061aaf30426faf91b662f,Ruti da Costa Lima,Perguntando,2026-03-20 11:07:02,2026-03-20 11:07:13,11.0,2026-03-20,simulated
Escola Estadual Criança Esperança,Português,Professor_Bruno,dc9a95b5ba8bb57ac1e73ab7f8c125406ac4da1026d061aaf30426faf91b662f,Ruti da Costa Lima,Dormindo,2026-03-20 11:07:20,2026-03-20 11:12:05,285.0,2026-03-20,simulated
Escola Estadual Criança Esperança,Português,Professor_Bruno,dc9a95b5ba8bb57ac1e73ab7f8c125406ac4da1026d061aaf30426faf91b662f,Ruti da Costa Lima,Distraido,2026-03-20 11:12:09,2026-03-20 11:13:37,88.0,2026-03-20,simulated
Escola Estadual Criança Esperança,Português,Professor_Bruno,dc9a95b5ba8bb57ac1e73ab7f8c125406ac4da1026d061aaf30426faf91b662f,Ruti da Costa Lima,Dormindo,2026-03-20 11:13:41,2026-03-20 11:15:35,114.0,2026-03-20,simulated
Escola Estadual Criança Esperança,Português,Professor_Bruno,dc9a95b5ba8bb57ac1e73ab7f8c125406ac4da1026d061aaf30426faf91b662f,Ruti da Costa Lima,Atento,2026-03-20 11:15:35,2026-03-20 11:24:52,557.0,2026-03-20,simulated
Escola Estadual Criança Esperança,Português,Professor_Bruno,dc9a95b5ba8bb57ac1e73ab7f8c125406ac4da1026d061aaf30426faf91b662f,Ruti da Costa Lima,Dormindo,2026-03-20 11:25:00,2026-03-20 11:28:07,187.0,2026-03-20,simulated
Escola Estadual Criança Esperança,Português,Professor_Bruno,dc9a95b5ba8bb57ac1e73ab7f8c125406ac4da1026d061aaf30426faf91b662f,Ruti da Costa Lima,Distraido,2026-03-20 11:28:13,2026-03-20 11:30:38,145.0,2026-03-20,simulated
Escola Estadual Criança Esperança,Português,Professor_Bruno,dc9a95b5ba8bb57ac1e73ab7f8c125406ac4da1026d061aaf30426faf91b662f,Ruti da Costa Lima,Dormindo,2026-03-20 11:30:40,2026-03-20 11:34:32,232.0,2026-03-20,simulated
Escola Estadual Criança Esperança,Português,Professor_Bruno,dc9a95b5ba8bb57ac1e73ab7f8c125406ac4da1026d061aaf30426faf91b662f,Ruti da Costa Lima,Atento,2026-03-20 11:34:36,2026-03-20 11:40:33,357.0,2026-03-20,simulated
Escola Estadual Criança Esperança,Português,Professor_Bruno,dc9a95b5ba8bb57ac1e73ab7f8c125406ac4da1026d061aaf30426faf91b662f,Ruti da Costa Lima,Dormindo,2026-03-20 11:40:34,2026-03-20 11:45:25,291.0,2026-03-20,simulated
Escola Estadual Criança Esperança,Português,Professor_Bruno,dc9a95b5ba8bb57ac1e73ab7f8c125406ac4da1026d061aaf30426faf91b662f,Ruti da Costa Lima,Perguntando,2026-03-20 11:45:28,2026-03-20 11:46:00,32.0,2026-03-20,simulated
Escola Estadual Criança Esperança,Português,Professor_Bruno,1f5624d608f5310226c28aebea723be5755bef49bd56f7361fb66357f10133e5,Paullo Geovanne,Atento,2026-03-20 08:08:00,2026-03-20 08:19:30,690.0,2026-03-20,simulated
Escola Estadual Criança Esperança,Português,Professor_Bruno,1f5624d608f5310226c28aebea723be5755bef49bd56f7361fb66357f10133e5,Paullo Geovanne,Perguntando,2026-03-20 08:19:36,2026-03-20 08:19:53,17.0,2026-03-20,simulated
Escola Estadual Criança Esperança,Português,Professor_Bruno,1f5624d608f5310226c28aebea723be5755bef49bd56f7361fb66357f10133e5,Paullo Geovanne,Atento,2026-03-20 08:19:55,2026-03-20 08:29:38,583.0,2026-03-20,simulated
Escola Estadual Criança Esperança,Português,Professor_Bruno,1f5624d608f5310226c28aebea723be5755bef49bd56f7361fb66357f10133e5,Paullo Geovanne,Atento,2026-03-20 08:29:44,2026-03-20 08:38:31,527.0,2026-03-20,simulated
Escola Estadual Criança Esperança,Português,Professor_Bruno,1f5624d608f5310226c28aebea723be5755bef49bd56f7361fb66357f10133e5,Paullo Geovanne,Perguntando,2026-03-20 08:38:34,2026-03-20 08:39:11,37.0,2026-03-20,simulated
Escola Estadual Criança Esperança,Português,Professor_Bruno,1f5624d608f5310226c28aebea723be5755bef49bd56f7361fb66357f10133e5,Paullo Geovanne,Atento,2026-03-20 08:39:11,2026-03-20 08:45:28,377.0,2026-03-20,simulated
Escola Estadual Criança Esperança,Português,Professor_Bruno,1f5624d608f5310226c28aebea723be5755bef49bd56f7361fb66357f10133e5,Paullo Geovanne,Atento,2026-03-20 08:45:29,2026-03-20 08:50:48,319.0,2026-03-20,simulated
Escola Estadual Criança Esperança,Português,Professor_Bruno,1f5624d608f5310226c28aebea723be5755bef49bd56f7361fb66357f10133e5,Paullo Geovanne,Perguntando,2026-03-20 08:50:52,2026-03-20 08:51:15,23.0,2026-03-20,simulated
Escola Estadual Criança Esperança,Português,Professor_Bruno,1f5624d608f5310226c28aebea723be5755bef49bd56f7361fb66357f10133e5,Paullo Geovanne,Atento,2026-03-20 08:51:17,2026-03-20 09:02:59,702.0,2026-03-20,simulated
Escola Estadual Criança Esperança,Português,Professor_Bruno,1f5624d608f5310226c28aebea723be5755bef49bd56f7361fb66357f10133e5,Paullo Geovanne,Perguntando,2026-03-20 09:03:00,2026-03-20 09:03:24,24.0,2026-03-20,simulated
Escola Estadual Criança Esperança,Português,Professor_Bruno,1f5624d608f5310226c28aebea723be5755bef49bd56f7361fb66357f10133e5,Paullo Geovanne,Atento,2026-03-20 09:03:26,2026-03-20 09:13:09,583.0,2026-03-20,simulated
Escola Estadual Criança Esperança,Português,Professor_Bruno,1f5624d608f5310226c28aebea723be5755bef49bd56f7361fb66357f10133e5,Paullo Geovanne,Agitado,2026-03-20 09:13:11,2026-03-20 09:14:35,84.0,2026-03-20,simulated
Escola Estadual Criança Esperança,Português,Professor_Bruno,1f5624d608f5310226c28aebea723be5755bef49bd56f7361fb66357f10133e5,Paullo Geovanne,Atento,2026-03-20 09:14:35,2026-03-20 09:21:06,391.0,2026-03-20,simulated
Escola Estadual Criança Esperança,Português,Professor_Bruno,1f5624d608f5310226c28aebea723be5755bef49bd56f7361fb66357f10133e5,Paullo Geovanne,Perguntando,2026-03-20 09:21:12,2026-03-20 09:21:31,19.0,2026-03-20,simulated
Escola Estadual Criança Esperança,Português,Professor_Bruno,1f5624d608f5310226c28aebea723be5755bef49bd56f7361fb66357f10133e5,Paullo Geovanne,Atento,2026-03-20 09:21:35,2026-03-20 09:28:57,442.0,2026-03-20,simulated
Escola Estadual Criança Esperança,Português,Professor_Bruno,1f5624d608f5310226c28aebea723be5755bef49bd56f7361fb66357f10133e5,Paullo Geovanne,Perguntando,2026-03-20 09:29:04,2026-03-20 09:29:44,40.0,2026-03-20,simulated
Escola Estadual Criança Esperança,Português,Professor_Bruno,1f5624d608f5310226c28aebea723be5755bef49bd56f7361fb66357f10133e5,Paullo Geovanne,Atento,2026-03-20 09:29:50,2026-03-20 09:37:43,473.0,2026-03-20,simulated
Escola Estadual Criança Esperança,Português,Professor_Bruno,1f5624d608f5310226c28aebea723be5755bef49bd56f7361fb66357f10133e5,Paullo Geovanne,Perguntando,2026-03-20 09:37:43,2026-03-20 09:38:22,39.0,2026-03-20,simulated
Escola Estadual Criança Esperança,Português,Professor_Bruno,1f5624d608f5310226c28aebea723be5755bef49bd56f7361fb66357f10133e5,Paullo Geovanne,Distraido,2026-03-20 09:38:29,2026-03-20 09:40:42,133.0,2026-03-20,simulated
Escola Estadual Criança Esperança,Português,Professor_Bruno,1f5624d608f5310226c28aebea723be5755bef49bd56f7361fb66357f10133e5,Paullo Geovanne,Atento,2026-03-20 09:40:46,2026-03-20 09:47:25,399.0,2026-03-20,simulated
Escola Estadual Criança Esperança,Português,Professor_Bruno,1f5624d608f5310226c28aebea723be5755bef49bd56f7361fb66357f10133e5,Paullo Geovanne,Distraido,2026-03-20 09:47:30,2026-03-20 09:49:34,124.0,2026-03-20,simulated
Escola Estadual Criança Esperança,Português,Professor_Bruno,1f5624d608f5310226c28aebea723be5755bef49bd56f7361fb66357f10133e5,Paullo Geovanne,Atento,2026-03-20 09:49:37,2026-03-20 09:56:00,383.0,2026-03-20,simulated
Escola Estadual Criança Esperança,Português,Professor_Bruno,1f5624d608f5310226c28aebea723be5755bef49bd56f7361fb66357f10133e5,Paullo Geovanne,Dormindo,2026-03-20 09:56:03,2026-03-20 09:58:20,137.0,2026-03-20,simulated
Escola Estadual Criança Esperança,Português,Professor_Bruno,1f5624d608f5310226c28aebea723be5755bef49bd56f7361fb66357f10133e5,Paullo Geovanne,Atento,2026-03-20 09:58:21,2026-03-20 10:04:37,376.0,2026-03-20,simulated
Escola Estadual Criança Esperança,Português,Professor_Bruno,1f5624d608f5310226c28aebea723be5755bef49bd56f7361fb66357f10133e5,Paullo Geovanne,Agitado,2026-03-20 10:04:40,2026-03-20 10:06:09,89.0,2026-03-20,simulated
Escola Estadual Criança Esperança,Português,Professor_Bruno,1f5624d608f5310226c28aebea723be5755bef49bd56f7361fb66357f10133e5,Paullo Geovanne,Atento,2026-03-20 10:06:16,2026-03-20 10:12:07,351.0,2026-03-20,simulated
Escola Estadual Criança Esperança,Português,Professor_Bruno,1f5624d608f5310226c28aebea723be5755bef49bd56f7361fb66357f10133e5,Paullo Geovanne,Atento,2026-03-20 10:12:07,2026-03-20 10:23:40,693.0,2026-03-20,simulated
Escola Estadual Criança Esperança,Português,Professor_Bruno,1f5624d608f5310226c28aebea723be5755bef49bd56f7361fb66357f10133e5,Paullo Geovanne,Perguntando,2026-03-20 10:23:42,2026-03-20 10:24:18,36.0,2026-03-20,simulated
Escola Estadual Criança Esperança,Português,Professor_Bruno,1f5624d608f5310226c28aebea723be5755bef49bd56f7361fb66357f10133e5,Paullo Geovanne,Atento,2026-03-20 10:24:18,2026-03-20 10:30:43,385.0,2026-03-20,simulated
Escola Estadual Criança Esperança,Português,Professor_Bruno,1f5624d608f5310226c28aebea723be5755bef49bd56f7361fb66357f10133e5,Paullo Geovanne,Perguntando,2026-03-20 10:30:48,2026-03-20 10:31:04,16.0,2026-03-20,simulated
Escola Estadual Criança Esperança,Português,Professor_Bruno,1f5624d608f5310226c28aebea723be5755bef49bd56f7361fb66357f10133e5,Paullo Geovanne,Atento,2026-03-20 10:31:10,2026-03-20 10:37:42,392.0,2026-03-20,simulated
Escola Estadual Criança Esperança,Português,Professor_Bruno,1f5624d608f5310226c28aebea723be5755bef49bd56f7361fb66357f10133e5,Paullo Geovanne,Perguntando,2026-03-20 10:37:50,2026-03-20 10:38:11,21.0,2026-03-20,simulated
Escola Estadual Criança Esperança,Português,Professor_Bruno,1f5624d608f5310226c28aebea723be5755bef49bd56f7361fb66357f10133e5,Paullo Geovanne,Atento,2026-03-20 10:38:18,2026-03-20 10:43:56,338.0,2026-03-20,simulated
Escola Estadual Criança Esperança,Português,Professor_Bruno,1f5624d608f5310226c28aebea723be5755bef49bd56f7361fb66357f10133e5,Paullo Geovanne,Distraido,2026-03-20 10:44:02,2026-03-20 10:44:55,53.0,2026-03-20,simulated
Escola Estadual Criança Esperança,Português,Professor_Bruno,1f5624d608f5310226c28aebea723be5755bef49bd56f7361fb66357f10133e5,Paullo Geovanne,Atento,2026-03-20 10:44:58,2026-03-20 10:56:01,663.0,2026-03-20,simulated
Escola Estadual Criança Esperança,Português,Professor_Bruno,1f5624d608f5310226c28aebea723be5755bef49bd56f7361fb66357f10133e5,Paullo Geovanne,Dormindo,2026-03-20 10:56:01,2026-03-20 10:58:38,157.0,2026-03-20,simulated
Escola Estadual Criança Esperança,Português,Professor_Bruno,1f5624d608f5310226c28aebea723be5755bef49bd56f7361fb66357f10133e5,Paullo Geovanne,Atento,2026-03-20 10:58:44,2026-03-20 11:05:14,390.0,2026-03-20,simulated
Escola Estadual Criança Esperança,Português,Professor_Bruno,1f5624d608f5310226c28aebea723be5755bef49bd56f7361fb66357f10133e5,Paullo Geovanne,Perguntando,2026-03-20 11:05:17,2026-03-20 11:05:50,33.0,2026-03-20,simulated
Escola Estadual Criança Esperança,Português,Professor_Bruno,1f5624d608f5310226c28aebea723be5755bef49bd56f7361fb66357f10133e5,Paullo Geovanne,Atento,2026-03-20 11:05:54,2026-03-20 11:12:24,390.0,2026-03-20,simulated
Escola Estadual Criança Esperança,Português,Professor_Bruno,1f5624d608f5310226c28aebea723be5755bef49bd56f7361fb66357f10133e5,Paullo Geovanne,Perguntando,2026-03-20 11:12:28,2026-03-20 11:13:02,34.0,2026-03-20,simulated
Escola Estadual Criança Esperança,Português,Professor_Bruno,1f5624d608f5310226c28aebea723be5755bef49bd56f7361fb66357f10133e5,Paullo Geovanne,Atento,2026-03-20 11:13:10,2026-03-20 11:22:41,571.0,2026-03-20,simulated
Escola Estadual Criança Esperança,Português,Professor_Bruno,1f5624d608f5310226c28aebea723be5755bef49bd56f7361fb66357f10133e5,Paullo Geovanne,Atento,2026-03-20 11:22:44,2026-03-20 11:33:32,648.0,2026-03-20,simulated
Escola Estadual Criança Esperança,Português,Professor_Bruno,1f5624d608f5310226c28aebea723be5755bef49bd56f7361fb66357f10133e5,Paullo Geovanne,Perguntando,2026-03-20 11:33:33,2026-03-20 11:34:05,32.0,2026-03-20,simulated
Escola Estadual Criança Esperança,Português,Professor_Bruno,1f5624d608f5310226c28aebea723be5755bef49bd56f7361fb66357f10133e5,Paullo Geovanne,Atento,2026-03-20 11:34:07,2026-03-20 11:43:51,584.0,2026-03-20,simulated
Escola Estadual Criança Esperança,Português,Professor_Bruno,1f5624d608f5310226c28aebea723be5755bef49bd56f7361fb66357f10133e5,Paullo Geovanne,Dormindo,2026-03-20 11:43:56,2026-03-20 11:45:42,106.0,2026-03-20,simulated
Escola Estadual Criança Esperança,Português,Professor_Bruno,1f5624d608f5310226c28aebea723be5755bef49bd56f7361fb66357f10133e5,Paullo Geovanne,Atento,2026-03-20 11:45:45,2026-03-20 11:48:00,135.0,2026-03-20,simulated
Escola Estadual Criança Esperança,Português,Professor_Bruno,1dd437c73ff9fac4d9f9c9c4ba29924a8d14d31aa348772e1944c31cacebce98,Thiago Campos,Atento,2026-03-20 08:10:00,2026-03-20 08:18:12,492.0,2026-03-20,simulated
Escola Estadual Criança Esperança,Português,Professor_Bruno,1dd437c73ff9fac4d9f9c9c4ba29924a8d14d31aa348772e1944c31cacebce98,Thiago Campos,Perguntando,2026-03-20 08:18:19,2026-03-20 08:18:38,19.0,2026-03-20,simulated
Escola Estadual Criança Esperança,Português,Professor_Bruno,1dd437c73ff9fac4d9f9c9c4ba29924a8d14d31aa348772e1944c31cacebce98,Thiago Campos,Agitado,2026-03-20 08:18:38,2026-03-20 08:19:56,78.0,2026-03-20,simulated
Escola Estadual Criança Esperança,Português,Professor_Bruno,1dd437c73ff9fac4d9f9c9c4ba29924a8d14d31aa348772e1944c31cacebce98,Thiago Campos,Perguntando,2026-03-20 08:19:57,2026-03-20 08:20:10,13.0,2026-03-20,simulated
Escola Estadual Criança Esperança,Português,Professor_Bruno,1dd437c73ff9fac4d9f9c9c4ba29924a8d14d31aa348772e1944c31cacebce98,Thiago Campos,Atento,2026-03-20 08:20:13,2026-03-20 08:25:46,333.0,2026-03-20,simulated
Escola Estadual Criança Esperança,Português,Professor_Bruno,1dd437c73ff9fac4d9f9c9c4ba29924a8d14d31aa348772e1944c31cacebce98,Thiago Campos,Perguntando,2026-03-20 08:25:46,2026-03-20 08:26:02,16.0,2026-03-20,simulated
Escola Estadual Criança Esperança,Português,Professor_Bruno,1dd437c73ff9fac4d9f9c9c4ba29924a8d14d31aa348772e1944c31cacebce98,Thiago Campos,Atento,2026-03-20 08:26:08,2026-03-20 08:32:08,360.0,2026-03-20,simulated
Escola Estadual Criança Esperança,Português,Professor_Bruno,1dd437c73ff9fac4d9f9c9c4ba29924a8d14d31aa348772e1944c31cacebce98,Thiago Campos,Perguntando,2026-03-20 08:32:13,2026-03-20 08:32:45,32.0,2026-03-20,simulated
Escola Estadual Criança Esperança,Português,Professor_Bruno,1dd437c73ff9fac4d9f9c9c4ba29924a8d14d31aa348772e1944c31cacebce98,Thiago Campos,Atento,2026-03-20 08:32:51,2026-03-20 08:38:58,367.0,2026-03-20,simulated
Escola Estadual Criança Esperança,Português,Professor_Bruno,1dd437c73ff9fac4d9f9c9c4ba29924a8d14d31aa348772e1944c31cacebce98,Thiago Campos,Perguntando,2026-03-20 08:39:06,2026-03-20 08:39:21,15.0,2026-03-20,simulated
Escola Estadual Criança Esperança,Português,Professor_Bruno,1dd437c73ff9fac4d9f9c9c4ba29924a8d14d31aa348772e1944c31cacebce98,Thiago Campos,Atento,2026-03-20 08:39:29,2026-03-20 08:48:24,535.0,2026-03-20,simulated
Escola Estadual Criança Esperança,Português,Professor_Bruno,1dd437c73ff9fac4d9f9c9c4ba29924a8d14d31aa348772e1944c31cacebce98,Thiago Campos,Perguntando,2026-03-20 08:48:24,2026-03-20 08:48:46,22.0,2026-03-20,simulated
Escola Estadual Criança Esperança,Português,Professor_Bruno,1dd437c73ff9fac4d9f9c9c4ba29924a8d14d31aa348772e1944c31cacebce98,Thiago Campos,Atento,2026-03-20 08:48:52,2026-03-20 08:55:20,388.0,2026-03-20,simulated
Escola Estadual Criança Esperança,Português,Professor_Bruno,1dd437c73ff9fac4d9f9c9c4ba29924a8d14d31aa348772e1944c31cacebce98,Thiago Campos,Perguntando,2026-03-20 08:55:28,2026-03-20 08:55:39,11.0,2026-03-20,simulated
Escola Estadual Criança Esperança,Português,Professor_Bruno,1dd437c73ff9fac4d9f9c9c4ba29924a8d14d31aa348772e1944c31cacebce98,Thiago Campos,Agitado,2026-03-20 08:55:39,2026-03-20 08:57:08,89.0,2026-03-20,simulated
Escola Estadual Criança Esperança,Português,Professor_Bruno,1dd437c73ff9fac4d9f9c9c4ba29924a8d14d31aa348772e1944c31cacebce98,Thiago Campos,Atento,2026-03-20 08:57:09,2026-03-20 09:03:53,404.0,2026-03-20,simulated
Escola Estadual Criança Esperança,Português,Professor_Bruno,1dd437c73ff9fac4d9f9c9c4ba29924a8d14d31aa348772e1944c31cacebce98,Thiago Campos,Perguntando,2026-03-20 09:04:01,2026-03-20 09:04:40,39.0,2026-03-20,simulated
Escola Estadual Criança Esperança,Português,Professor_Bruno,1dd437c73ff9fac4d9f9c9c4ba29924a8d14d31aa348772e1944c31cacebce98,Thiago Campos,Dormindo,2026-03-20 09:04:41,2026-03-20 09:09:22,281.0,2026-03-20,simulated
Escola Estadual Criança Esperança,Português,Professor_Bruno,1dd437c73ff9fac4d9f9c9c4ba29924a8d14d31aa348772e1944c31cacebce98,Thiago Campos,Atento,2026-03-20 09:09:28,2026-03-20 09:14:48,320.0,2026-03-20,simulated
Escola Estadual Criança Esperança,Português,Professor_Bruno,1dd437c73ff9fac4d9f9c9c4ba29924a8d14d31aa348772e1944c31cacebce98,Thiago Campos,Perguntando,2026-03-20 09:14:53,2026-03-20 09:15:03,10.0,2026-03-20,simulated
Escola Estadual Criança Esperança,Português,Professor_Bruno,1dd437c73ff9fac4d9f9c9c4ba29924a8d14d31aa348772e1944c31cacebce98,Thiago Campos,Atento,2026-03-20 09:15:09,2026-03-20 09:26:44,695.0,2026-03-20,simulated
Escola Estadual Criança Esperança,Português,Professor_Bruno,1dd437c73ff9fac4d9f9c9c4ba29924a8d14d31aa348772e1944c31cacebce98,Thiago Campos,Perguntando,2026-03-20 09:26:50,2026-03-20 09:27:17,27.0,2026-03-20,simulated
Escola Estadual Criança Esperança,Português,Professor_Bruno,1dd437c73ff9fac4d9f9c9c4ba29924a8d14d31aa348772e1944c31cacebce98,Thiago Campos,Atento,2026-03-20 09:27:18,2026-03-20 09:34:19,421.0,2026-03-20,simulated
Escola Estadual Criança Esperança,Português,Professor_Bruno,1dd437c73ff9fac4d9f9c9c4ba29924a8d14d31aa348772e1944c31cacebce98,Thiago Campos,Dormindo,2026-03-20 09:34:19,2026-03-20 09:35:57,98.0,2026-03-20,simulated
Escola Estadual Criança Esperança,Português,Professor_Bruno,1dd437c73ff9fac4d9f9c9c4ba29924a8d14d31aa348772e1944c31cacebce98,Thiago Campos,Perguntando,2026-03-20 09:36:00,2026-03-20 09:36:37,37.0,2026-03-20,simulated
Escola Estadual Criança Esperança,Português,Professor_Bruno,1dd437c73ff9fac4d9f9c9c4ba29924a8d14d31aa348772e1944c31cacebce98,Thiago Campos,Distraido,2026-03-20 09:36:38,2026-03-20 09:37:23,45.0,2026-03-20,simulated
Escola Estadual Criança Esperança,Português,Professor_Bruno,1dd437c73ff9fac4d9f9c9c4ba29924a8d14d31aa348772e1944c31cacebce98,Thiago Campos,Atento,2026-03-20 09:37:30,2026-03-20 09:44:55,445.0,2026-03-20,simulated
Escola Estadual Criança Esperança,Português,Professor_Bruno,1dd437c73ff9fac4d9f9c9c4ba29924a8d14d31aa348772e1944c31cacebce98,Thiago Campos,Perguntando,2026-03-20 09:44:57,2026-03-20 09:45:25,28.0,2026-03-20,simulated
Escola Estadual Criança Esperança,Português,Professor_Bruno,1dd437c73ff9fac4d9f9c9c4ba29924a8d14d31aa348772e1944c31cacebce98,Thiago Campos,Agitado,2026-03-20 09:45:27,2026-03-20 09:46:02,35.0,2026-03-20,simulated
Escola Estadual Criança Esperança,Português,Professor_Bruno,1dd437c73ff9fac4d9f9c9c4ba29924a8d14d31aa348772e1944c31cacebce98,Thiago Campos,Atento,2026-03-20 09:46:06,2026-03-20 09:54:17,491.0,2026-03-20,simulated
Escola Estadual Criança Esperança,Português,Professor_Bruno,1dd437c73ff9fac4d9f9c9c4ba29924a8d14d31aa348772e1944c31cacebce98,Thiago Campos,Dormindo,2026-03-20 09:54:19,2026-03-20 09:55:23,64.0,2026-03-20,simulated
Escola Estadual Criança Esperança,Português,Professor_Bruno,1dd437c73ff9fac4d9f9c9c4ba29924a8d14d31aa348772e1944c31cacebce98,Thiago Campos,Atento,2026-03-20 09:55:30,2026-03-20 10:05:34,604.0,2026-03-20,simulated
Escola Estadual Criança Esperança,Português,Professor_Bruno,1dd437c73ff9fac4d9f9c9c4ba29924a8d14d31aa348772e1944c31cacebce98,Thiago Campos,Distraido,2026-03-20 10:05:42,2026-03-20 10:08:32,170.0,2026-03-20,simulated
Escola Estadual Criança Esperança,Português,Professor_Bruno,1dd437c73ff9fac4d9f9c9c4ba29924a8d14d31aa348772e1944c31cacebce98,Thiago Campos,Atento,2026-03-20 10:08:38,2026-03-20 10:18:11,573.0,2026-03-20,simulated
Escola Estadual Criança Esperança,Português,Professor_Bruno,1dd437c73ff9fac4d9f9c9c4ba29924a8d14d31aa348772e1944c31cacebce98,Thiago Campos,Dormindo,2026-03-20 10:18:14,2026-03-20 10:22:24,250.0,2026-03-20,simulated
Escola Estadual Criança Esperança,Português,Professor_Bruno,1dd437c73ff9fac4d9f9c9c4ba29924a8d14d31aa348772e1944c31cacebce98,Thiago Campos,Perguntando,2026-03-20 10:22:28,2026-03-20 10:22:40,12.0,2026-03-20,simulated
Escola Estadual Criança Esperança,Português,Professor_Bruno,1dd437c73ff9fac4d9f9c9c4ba29924a8d14d31aa348772e1944c31cacebce98,Thiago Campos,Atento,2026-03-20 10:22:40,2026-03-20 10:32:57,617.0,2026-03-20,simulated
Escola Estadual Criança Esperança,Português,Professor_Bruno,1dd437c73ff9fac4d9f9c9c4ba29924a8d14d31aa348772e1944c31cacebce98,Thiago Campos,Perguntando,2026-03-20 10:32:59,2026-03-20 10:33:24,25.0,2026-03-20,simulated
Escola Estadual Criança Esperança,Português,Professor_Bruno,1dd437c73ff9fac4d9f9c9c4ba29924a8d14d31aa348772e1944c31cacebce98,Thiago Campos,Atento,2026-03-20 10:33:30,2026-03-20 10:44:08,638.0,2026-03-20,simulated
Escola Estadual Criança Esperança,Português,Professor_Bruno,1dd437c73ff9fac4d9f9c9c4ba29924a8d14d31aa348772e1944c31cacebce98,Thiago Campos,Perguntando,2026-03-20 10:44:08,2026-03-20 10:44:45,37.0,2026-03-20,simulated
Escola Estadual Criança Esperança,Português,Professor_Bruno,1dd437c73ff9fac4d9f9c9c4ba29924a8d14d31aa348772e1944c31cacebce98,Thiago Campos,Distraido,2026-03-20 10:44:47,2026-03-20 10:47:47,180.0,2026-03-20,simulated
Escola Estadual Criança Esperança,Português,Professor_Bruno,1dd437c73ff9fac4d9f9c9c4ba29924a8d14d31aa348772e1944c31cacebce98,Thiago Campos,Perguntando,2026-03-20 10:47:50,2026-03-20 10:48:03,13.0,2026-03-20,simulated
Escola Estadual Criança Esperança,Português,Professor_Bruno,1dd437c73ff9fac4d9f9c9c4ba29924a8d14d31aa348772e1944c31cacebce98,Thiago Campos,Atento,2026-03-20 10:48:07,2026-03-20 10:54:43,396.0,2026-03-20,simulated
Escola Estadual Criança Esperança,Português,Professor_Bruno,1dd437c73ff9fac4d9f9c9c4ba29924a8d14d31aa348772e1944c31cacebce98,Thiago Campos,Distraido,2026-03-20 10:54:46,2026-03-20 10:56:40,114.0,2026-03-20,simulated
Escola Estadual Criança Esperança,Português,Professor_Bruno,1dd437c73ff9fac4d9f9c9c4ba29924a8d14d31aa348772e1944c31cacebce98,Thiago Campos,Atento,2026-03-20 10:56:47,2026-03-20 11:06:20,573.0,2026-03-20,simulated
Escola Estadual Criança Esperança,Português,Professor_Bruno,1dd437c73ff9fac4d9f9c9c4ba29924a8d14d31aa348772e1944c31cacebce98,Thiago Campos,Distraido,2026-03-20 11:06:28,2026-03-20 11:07:13,45.0,2026-03-20,simulated
Escola Estadual Criança Esperança,Português,Professor_Bruno,1dd437c73ff9fac4d9f9c9c4ba29924a8d14d31aa348772e1944c31cacebce98,Thiago Campos,Perguntando,2026-03-20 11:07:16,2026-03-20 11:07:34,18.0,2026-03-20,simulated
Escola Estadual Criança Esperança,Português,Professor_Bruno,1dd437c73ff9fac4d9f9c9c4ba29924a8d14d31aa348772e1944c31cacebce98,Thiago Campos,Atento,2026-03-20 11:07:41,2026-03-20 11:17:54,613.0,2026-03-20,simulated
Escola Estadual Criança Esperança,Português,Professor_Bruno,1dd437c73ff9fac4d9f9c9c4ba29924a8d14d31aa348772e1944c31cacebce98,Thiago Campos,Agitado,2026-03-20 11:17:56,2026-03-20 11:18:29,33.0,2026-03-20,simulated
Escola Estadual Criança Esperança,Português,Professor_Bruno,1dd437c73ff9fac4d9f9c9c4ba29924a8d14d31aa348772e1944c31cacebce98,Thiago Campos,Atento,2026-03-20 11:18:33,2026-03-20 11:26:59,506.0,2026-03-20,simulated
Escola Estadual Criança Esperança,Português,Professor_Bruno,1dd437c73ff9fac4d9f9c9c4ba29924a8d14d31aa348772e1944c31cacebce98,Thiago Campos,Agitado,2026-03-20 11:27:07,2026-03-20 11:27:50,43.0,2026-03-20,simulated
Escola Estadual Criança Esperança,Português,Professor_Bruno,1dd437c73ff9fac4d9f9c9c4ba29924a8d14d31aa348772e1944c31cacebce98,Thiago Campos,Perguntando,2026-03-20 11:27:54,2026-03-20 11:28:22,28.0,2026-03-20,simulated
Escola Estadual Criança Esperança,Português,Professor_Bruno,1dd437c73ff9fac4d9f9c9c4ba29924a8d14d31aa348772e1944c31cacebce98,Thiago Campos,Agitado,2026-03-20 11:28:25,2026-03-20 11:29:36,71.0,2026-03-20,simulated
Escola Estadual Criança Esperança,Português,Professor_Bruno,1dd437c73ff9fac4d9f9c9c4ba29924a8d14d31aa348772e1944c31cacebce98,Thiago Campos,Distraido,2026-03-20 11:29:39,2026-03-20 11:31:53,134.0,2026-03-20,simulated
Escola Estadual Criança Esperança,Português,Professor_Bruno,1dd437c73ff9fac4d9f9c9c4ba29924a8d14d31aa348772e1944c31cacebce98,Thiago Campos,Perguntando,2026-03-20 11:31:53,2026-03-20 11:32:03,10.0,2026-03-20,simulated
Escola Estadual Criança Esperança,Português,Professor_Bruno,1dd437c73ff9fac4d9f9c9c4ba29924a8d14d31aa348772e1944c31cacebce98,Thiago Campos,Atento,2026-03-20 11:32:03,2026-03-20 11:42:57,654.0,2026-03-20,simulated
Escola Estadual Criança Esperança,Português,Professor_Bruno,1dd437c73ff9fac4d9f9c9c4ba29924a8d14d31aa348772e1944c31cacebce98,Thiago Campos,Distraido,2026-03-20 11:43:00,2026-03-20 11:44:44,104.0,2026-03-20,simulated
Escola Estadual Criança Esperança,Português,Professor_Bruno,1dd437c73ff9fac4d9f9c9c4ba29924a8d14d31aa348772e1944c31cacebce98,Thiago Campos,Atento,2026-03-20 11:44:50,2026-03-20 11:50:00,310.0,2026-03-20,simulated
Escola Estadual Criança Esperança,Português,Professor_Bruno,a281db1412a68e509731fb8e1e72fe47c8ea3e7c367d7d10cbb968feff7ac523,Paula Kamily,Atento,2026-03-20 08:12:00,2026-03-20 08:21:55,595.0,2026-03-20,simulated
Escola Estadual Criança Esperança,Português,Professor_Bruno,a281db1412a68e509731fb8e1e72fe47c8ea3e7c367d7d10cbb968feff7ac523,Paula Kamily,Distraido,2026-03-20 08:22:02,2026-03-20 08:23:21,79.0,2026-03-20,simulated
Escola Estadual Criança Esperança,Português,Professor_Bruno,a281db1412a68e509731fb8e1e72fe47c8ea3e7c367d7d10cbb968feff7ac523,Paula Kamily,Atento,2026-03-20 08:23:23,2026-03-20 08:35:13,710.0,2026-03-20,simulated
Escola Estadual Criança Esperança,Português,Professor_Bruno,a281db1412a68e509731fb8e1e72fe47c8ea3e7c367d7d10cbb968feff7ac523,Paula Kamily,Perguntando,2026-03-20 08:35:20,2026-03-20 08:35:47,27.0,2026-03-20,simulated
Escola Estadual Criança Esperança,Português,Professor_Bruno,a281db1412a68e509731fb8e1e72fe47c8ea3e7c367d7d10cbb968feff7ac523,Paula Kamily,Atento,2026-03-20 08:35:49,2026-03-20 08:42:50,421.0,2026-03-20,simulated
Escola Estadual Criança Esperança,Português,Professor_Bruno,a281db1412a68e509731fb8e1e72fe47c8ea3e7c367d7d10cbb968feff7ac523,Paula Kamily,Distraido,2026-03-20 08:42:55,2026-03-20 08:45:01,126.0,2026-03-20,simulated
Escola Estadual Criança Esperança,Português,Professor_Bruno,a281db1412a68e509731fb8e1e72fe47c8ea3e7c367d7d10cbb968feff7ac523,Paula Kamily,Atento,2026-03-20 08:45:09,2026-03-20 08:54:37,568.0,2026-03-20,simulated
Escola Estadual Criança Esperança,Português,Professor_Bruno,a281db1412a68e509731fb8e1e72fe47c8ea3e7c367d7d10cbb968feff7ac523,Paula Kamily,Distraido,2026-03-20 08:54:44,2026-03-20 08:56:02,78.0,2026-03-20,simulated
Escola Estadual Criança Esperança,Português,Professor_Bruno,a281db1412a68e509731fb8e1e72fe47c8ea3e7c367d7d10cbb968feff7ac523,Paula Kamily,Atento,2026-03-20 08:56:07,2026-03-20 09:04:26,499.0,2026-03-20,simulated
Escola Estadual Criança Esperança,Português,Professor_Bruno,a281db1412a68e509731fb8e1e72fe47c8ea3e7c367d7d10cbb968feff7ac523,Paula Kamily,Distraido,2026-03-20 09:04:31,2026-03-20 09:05:37,66.0,2026-03-20,simulated
Escola Estadual Criança Esperança,Português,Professor_Bruno,a281db1412a68e509731fb8e1e72fe47c8ea3e7c367d7d10cbb968feff7ac523,Paula Kamily,Dormindo,2026-03-20 09:05:42,2026-03-20 09:08:52,190.0,2026-03-20,simulated
Escola Estadual Criança Esperança,Português,Professor_Bruno,a281db1412a68e509731fb8e1e72fe47c8ea3e7c367d7d10cbb968feff7ac523,Paula Kamily,Distraido,2026-03-20 09:08:55,2026-03-20 09:11:19,144.0,2026-03-20,simulated
Escola Estadual Criança Esperança,Português,Professor_Bruno,a281db1412a68e509731fb8e1e72fe47c8ea3e7c367d7d10cbb968feff7ac523,Paula Kamily,Atento,2026-03-20 09:11:27,2026-03-20 09:19:26,479.0,2026-03-20,simulated
Escola Estadual Criança Esperança,Português,Professor_Bruno,a281db1412a68e509731fb8e1e72fe47c8ea3e7c367d7d10cbb968feff7ac523,Paula Kamily,Agitado,2026-03-20 09:19:27,2026-03-20 09:20:49,82.0,2026-03-20,simulated
Escola Estadual Criança Esperança,Português,Professor_Bruno,a281db1412a68e509731fb8e1e72fe47c8ea3e7c367d7d10cbb968feff7ac523,Paula Kamily,Distraido,2026-03-20 09:20:51,2026-03-20 09:23:20,149.0,2026-03-20,simulated
Escola Estadual Criança Esperança,Português,Professor_Bruno,a281db1412a68e509731fb8e1e72fe47c8ea3e7c367d7d10cbb968feff7ac523,Paula Kamily,Agitado,2026-03-20 09:23:22,2026-03-20 09:24:43,81.0,2026-03-20,simulated
Escola Estadual Criança Esperança,Português,Professor_Bruno,a281db1412a68e509731fb8e1e72fe47c8ea3e7c367d7d10cbb968feff7ac523,Paula Kamily,Atento,2026-03-20 09:24:48,2026-03-20 09:32:17,449.0,2026-03-20,simulated
Escola Estadual Criança Esperança,Português,Professor_Bruno,a281db1412a68e509731fb8e1e72fe47c8ea3e7c367d7d10cbb968feff7ac523,Paula Kamily,Perguntando,2026-03-20 09:32:18,2026-03-20 09:32:40,22.0,2026-03-20,simulated
Escola Estadual Criança Esperança,Português,Professor_Bruno,a281db1412a68e509731fb8e1e72fe47c8ea3e7c367d7d10cbb968feff7ac523,Paula Kamily,Agitado,2026-03-20 09:32:47,2026-03-20 09:33:28,41.0,2026-03-20,simulated
Escola Estadual Criança Esperança,Português,Professor_Bruno,a281db1412a68e509731fb8e1e72fe47c8ea3e7c367d7d10cbb968feff7ac523,Paula Kamily,Atento,2026-03-20 09:33:29,2026-03-20 09:42:30,541.0,2026-03-20,simulated
Escola Estadual Criança Esperança,Português,Professor_Bruno,a281db1412a68e509731fb8e1e72fe47c8ea3e7c367d7d10cbb968feff7ac523,Paula Kamily,Distraido,2026-03-20 09:42:32,2026-03-20 09:43:31,59.0,2026-03-20,simulated
Escola Estadual Criança Esperança,Português,Professor_Bruno,a281db1412a68e509731fb8e1e72fe47c8ea3e7c367d7d10cbb968feff7ac523,Paula Kamily,Atento,2026-03-20 09:43:39,2026-03-20 09:54:07,628.0,2026-03-20,simulated
Escola Estadual Criança Esperança,Português,Professor_Bruno,a281db1412a68e509731fb8e1e72fe47c8ea3e7c367d7d10cbb968feff7ac523,Paula Kamily,Agitado,2026-03-20 09:54:12,2026-03-20 09:54:40,28.0,2026-03-20,simulated
Escola Estadual Criança Esperança,Português,Professor_Bruno,a281db1412a68e509731fb8e1e72fe47c8ea3e7c367d7d10cbb968feff7ac523,Paula Kamily,Dormindo,2026-03-20 09:54:40,2026-03-20 09:57:04,144.0,2026-03-20,simulated
Escola Estadual Criança Esperança,Português,Professor_Bruno,a281db1412a68e509731fb8e1e72fe47c8ea3e7c367d7d10cbb968feff7ac523,Paula Kamily,Distraido,2026-03-20 09:57:08,2026-03-20 09:57:58,50.0,2026-03-20,simulated
Escola Estadual Criança Esperança,Português,Professor_Bruno,a281db1412a68e509731fb8e1e72fe47c8ea3e7c367d7d10cbb968feff7ac523,Paula Kamily,Atento,2026-03-20 09:58:05,2026-03-20 10:06:42,517.0,2026-03-20,simulated
Escola Estadual Criança Esperança,Português,Professor_Bruno,a281db1412a68e509731fb8e1e72fe47c8ea3e7c367d7d10cbb968feff7ac523,Paula Kamily,Distraido,2026-03-20 10:06:50,2026-03-20 10:09:23,153.0,2026-03-20,simulated
Escola Estadual Criança Esperança,Português,Professor_Bruno,a281db1412a68e509731fb8e1e72fe47c8ea3e7c367d7d10cbb968feff7ac523,Paula Kamily,Atento,2026-03-20 10:09:29,2026-03-20 10:19:18,589.0,2026-03-20,simulated
Escola Estadual Criança Esperança,Português,Professor_Bruno,a281db1412a68e509731fb8e1e72fe47c8ea3e7c367d7d10cbb968feff7ac523,Paula Kamily,Distraido,2026-03-20 10:19:20,2026-03-20 10:21:22,122.0,2026-03-20,simulated
Escola Estadual Criança Esperança,Português,Professor_Bruno,a281db1412a68e509731fb8e1e72fe47c8ea3e7c367d7d10cbb968feff7ac523,Paula Kamily,Perguntando,2026-03-20 10:21:28,2026-03-20 10:22:06,38.0,2026-03-20,simulated
Escola Estadual Criança Esperança,Português,Professor_Bruno,a281db1412a68e509731fb8e1e72fe47c8ea3e7c367d7d10cbb968feff7ac523,Paula Kamily,Distraido,2026-03-20 10:22:06,2026-03-20 10:24:46,160.0,2026-03-20,simulated
Escola Estadual Criança Esperança,Português,Professor_Bruno,a281db1412a68e509731fb8e1e72fe47c8ea3e7c367d7d10cbb968feff7ac523,Paula Kamily,Perguntando,2026-03-20 10:24:51,2026-03-20 10:25:05,14.0,2026-03-20,simulated
Escola Estadual Criança Esperança,Português,Professor_Bruno,a281db1412a68e509731fb8e1e72fe47c8ea3e7c367d7d10cbb968feff7ac523,Paula Kamily,Agitado,2026-03-20 10:25:07,2026-03-20 10:25:39,32.0,2026-03-20,simulated
Escola Estadual Criança Esperança,Português,Professor_Bruno,a281db1412a68e509731fb8e1e72fe47c8ea3e7c367d7d10cbb968feff7ac523,Paula Kamily,Atento,2026-03-20 10:25:42,2026-03-20 10:32:02,380.0,2026-03-20,simulated
Escola Estadual Criança Esperança,Português,Professor_Bruno,a281db1412a68e509731fb8e1e72fe47c8ea3e7c367d7d10cbb968feff7ac523,Paula Kamily,Distraido,2026-03-20 10:32:07,2026-03-20 10:32:52,45.0,2026-03-20,simulated
Escola Estadual Criança Esperança,Português,Professor_Bruno,a281db1412a68e509731fb8e1e72fe47c8ea3e7c367d7d10cbb968feff7ac523,Paula Kamily,Agitado,2026-03-20 10:32:52,2026-03-20 10:34:02,70.0,2026-03-20,simulated
Escola Estadual Criança Esperança,Português,Professor_Bruno,a281db1412a68e509731fb8e1e72fe47c8ea3e7c367d7d10cbb968feff7ac523,Paula Kamily,Atento,2026-03-20 10:34:07,2026-03-20 10:39:45,338.0,2026-03-20,simulated
Escola Estadual Criança Esperança,Português,Professor_Bruno,a281db1412a68e509731fb8e1e72fe47c8ea3e7c367d7d10cbb968feff7ac523,Paula Kamily,Perguntando,2026-03-20 10:39:53,2026-03-20 10:40:24,31.0,2026-03-20,simulated
Escola Estadual Criança Esperança,Português,Professor_Bruno,a281db1412a68e509731fb8e1e72fe47c8ea3e7c367d7d10cbb968feff7ac523,Paula Kamily,Atento,2026-03-20 10:40:30,2026-03-20 10:49:05,515.0,2026-03-20,simulated
Escola Estadual Criança Esperança,Português,Professor_Bruno,a281db1412a68e509731fb8e1e72fe47c8ea3e7c367d7d10cbb968feff7ac523,Paula Kamily,Distraido,2026-03-20 10:49:09,2026-03-20 10:51:14,125.0,2026-03-20,simulated
Escola Estadual Criança Esperança,Português,Professor_Bruno,a281db1412a68e509731fb8e1e72fe47c8ea3e7c367d7d10cbb968feff7ac523,Paula Kamily,Atento,2026-03-20 10:51:17,2026-03-20 11:02:51,694.0,2026-03-20,simulated
Escola Estadual Criança Esperança,Português,Professor_Bruno,a281db1412a68e509731fb8e1e72fe47c8ea3e7c367d7d10cbb968feff7ac523,Paula Kamily,Distraido,2026-03-20 11:02:59,2026-03-20 11:03:56,57.0,2026-03-20,simulated
Escola Estadual Criança Esperança,Português,Professor_Bruno,a281db1412a68e509731fb8e1e72fe47c8ea3e7c367d7d10cbb968feff7ac523,Paula Kamily,Atento,2026-03-20 11:03:56,2026-03-20 11:10:01,365.0,2026-03-20,simulated
Escola Estadual Criança Esperança,Português,Professor_Bruno,a281db1412a68e509731fb8e1e72fe47c8ea3e7c367d7d10cbb968feff7ac523,Paula Kamily,Distraido,2026-03-20 11:10:05,2026-03-20 11:11:48,103.0,2026-03-20,simulated
Escola Estadual Criança Esperança,Português,Professor_Bruno,a281db1412a68e509731fb8e1e72fe47c8ea3e7c367d7d10cbb968feff7ac523,Paula Kamily,Atento,2026-03-20 11:11:55,2026-03-20 11:17:47,352.0,2026-03-20,simulated
Escola Estadual Criança Esperança,Português,Professor_Bruno,a281db1412a68e509731fb8e1e72fe47c8ea3e7c367d7d10cbb968feff7ac523,Paula Kamily,Distraido,2026-03-20 11:17:53,2026-03-20 11:19:23,90.0,2026-03-20,simulated
Escola Estadual Criança Esperança,Português,Professor_Bruno,a281db1412a68e509731fb8e1e72fe47c8ea3e7c367d7d10cbb968feff7ac523,Paula Kamily,Atento,2026-03-20 11:19:23,2026-03-20 11:26:43,440.0,2026-03-20,simulated
Escola Estadual Criança Esperança,Português,Professor_Bruno,a281db1412a68e509731fb8e1e72fe47c8ea3e7c367d7d10cbb968feff7ac523,Paula Kamily,Agitado,2026-03-20 11:26:44,2026-03-20 11:27:30,46.0,2026-03-20,simulated
Escola Estadual Criança Esperança,Português,Professor_Bruno,a281db1412a68e509731fb8e1e72fe47c8ea3e7c367d7d10cbb968feff7ac523,Paula Kamily,Distraido,2026-03-20 11:27:33,2026-03-20 11:28:36,63.0,2026-03-20,simulated
Escola Estadual Criança Esperança,Português,Professor_Bruno,a281db1412a68e509731fb8e1e72fe47c8ea3e7c367d7d10cbb968feff7ac523,Paula Kamily,Atento,2026-03-20 11:28:41,2026-03-20 11:34:56,375.0,2026-03-20,simulated
Escola Estadual Criança Esperança,Português,Professor_Bruno,a281db1412a68e509731fb8e1e72fe47c8ea3e7c367d7d10cbb968feff7ac523,Paula Kamily,Dormindo,2026-03-20 11:35:01,2026-03-20 11:37:29,148.0,2026-03-20,simulated
Escola Estadual Criança Esperança,Português,Professor_Bruno,a281db1412a68e509731fb8e1e72fe47c8ea3e7c367d7d10cbb968feff7ac523,Paula Kamily,Atento,2026-03-20 11:37:35,2026-03-20 11:48:37,662.0,2026-03-20,simulated
Escola Estadual Criança Esperança,Português,Professor_Bruno,a281db1412a68e509731fb8e1e72fe47c8ea3e7c367d7d10cbb968feff7ac523,Paula Kamily,Distraido,2026-03-20 11:48:40,2026-03-20 11:51:17,157.0,2026-03-20,simulated
Escola Estadual Criança Esperança,Português,Professor_Bruno,a281db1412a68e509731fb8e1e72fe47c8ea3e7c367d7d10cbb968feff7ac523,Paula Kamily,Agitado,2026-03-20 11:51:21,2026-03-20 11:52:00,39.0,2026-03-20,simulated
Escola Estadual Criança Esperança,Português,Professor_Bruno,536dcd4eafc272cd6777ad15a7b067f4240b6b682361c6460b64398069ec87ac,Maria Eduarda,Distraido,2026-03-20 08:14:00,2026-03-20 08:15:15,75.0,2026-03-20,simulated
Escola Estadual Criança Esperança,Português,Professor_Bruno,536dcd4eafc272cd6777ad15a7b067f4240b6b682361c6460b64398069ec87ac,Maria Eduarda,Perguntando,2026-03-20 08:15:16,2026-03-20 08:15:42,26.0,2026-03-20,simulated
Escola Estadual Criança Esperança,Português,Professor_Bruno,536dcd4eafc272cd6777ad15a7b067f4240b6b682361c6460b64398069ec87ac,Maria Eduarda,Dormindo,2026-03-20 08:15:45,2026-03-20 08:19:50,245.0,2026-03-20,simulated
Escola Estadual Criança Esperança,Português,Professor_Bruno,536dcd4eafc272cd6777ad15a7b067f4240b6b682361c6460b64398069ec87ac,Maria Eduarda,Perguntando,2026-03-20 08:19:51,2026-03-20 08:20:12,21.0,2026-03-20,simulated
Escola Estadual Criança Esperança,Português,Professor_Bruno,536dcd4eafc272cd6777ad15a7b067f4240b6b682361c6460b64398069ec87ac,Maria Eduarda,Distraido,2026-03-20 08:20:17,2026-03-20 08:21:06,49.0,2026-03-20,simulated
Escola Estadual Criança Esperança,Português,Professor_Bruno,536dcd4eafc272cd6777ad15a7b067f4240b6b682361c6460b64398069ec87ac,Maria Eduarda,Dormindo,2026-03-20 08:21:08,2026-03-20 08:24:51,223.0,2026-03-20,simulated
Escola Estadual Criança Esperança,Português,Professor_Bruno,536dcd4eafc272cd6777ad15a7b067f4240b6b682361c6460b64398069ec87ac,Maria Eduarda,Perguntando,2026-03-20 08:24:59,2026-03-20 08:25:31,32.0,2026-03-20,simulated
Escola Estadual Criança Esperança,Português,Professor_Bruno,536dcd4eafc272cd6777ad15a7b067f4240b6b682361c6460b64398069ec87ac,Maria Eduarda,Distraido,2026-03-20 08:25:32,2026-03-20 08:27:00,88.0,2026-03-20,simulated
Escola Estadual Criança Esperança,Português,Professor_Bruno,536dcd4eafc272cd6777ad15a7b067f4240b6b682361c6460b64398069ec87ac,Maria Eduarda,Perguntando,2026-03-20 08:27:01,2026-03-20 08:27:27,26.0,2026-03-20,simulated
Escola Estadual Criança Esperança,Português,Professor_Bruno,536dcd4eafc272cd6777ad15a7b067f4240b6b682361c6460b64398069ec87ac,Maria Eduarda,Distraido,2026-03-20 08:27:30,2026-03-20 08:29:21,111.0,2026-03-20,simulated
Escola Estadual Criança Esperança,Português,Professor_Bruno,536dcd4eafc272cd6777ad15a7b067f4240b6b682361c6460b64398069ec87ac,Maria Eduarda,Atento,2026-03-20 08:29:24,2026-03-20 08:40:26,662.0,2026-03-20,simulated
Escola Estadual Criança Esperança,Português,Professor_Bruno,536dcd4eafc272cd6777ad15a7b067f4240b6b682361c6460b64398069ec87ac,Maria Eduarda,Agitado,2026-03-20 08:40:34,2026-03-20 08:40:57,23.0,2026-03-20,simulated
Escola Estadual Criança Esperança,Português,Professor_Bruno,536dcd4eafc272cd6777ad15a7b067f4240b6b682361c6460b64398069ec87ac,Maria Eduarda,Dormindo,2026-03-20 08:41:02,2026-03-20 08:45:15,253.0,2026-03-20,simulated
Escola Estadual Criança Esperança,Português,Professor_Bruno,536dcd4eafc272cd6777ad15a7b067f4240b6b682361c6460b64398069ec87ac,Maria Eduarda,Distraido,2026-03-20 08:45:21,2026-03-20 08:47:46,145.0,2026-03-20,simulated
Escola Estadual Criança Esperança,Português,Professor_Bruno,536dcd4eafc272cd6777ad15a7b067f4240b6b682361c6460b64398069ec87ac,Maria Eduarda,Atento,2026-03-20 08:47:53,2026-03-20 08:57:27,574.0,2026-03-20,simulated
Escola Estadual Criança Esperança,Português,Professor_Bruno,536dcd4eafc272cd6777ad15a7b067f4240b6b682361c6460b64398069ec87ac,Maria Eduarda,Agitado,2026-03-20 08:57:35,2026-03-20 08:58:33,58.0,2026-03-20,simulated
Escola Estadual Criança Esperança,Português,Professor_Bruno,536dcd4eafc272cd6777ad15a7b067f4240b6b682361c6460b64398069ec87ac,Maria Eduarda,Dormindo,2026-03-20 08:58:41,2026-03-20 09:03:40,299.0,2026-03-20,simulated
Escola Estadual Criança Esperança,Português,Professor_Bruno,536dcd4eafc272cd6777ad15a7b067f4240b6b682361c6460b64398069ec87ac,Maria Eduarda,Distraido,2026-03-20 09:03:41,2026-03-20 09:05:40,119.0,2026-03-20,simulated
Escola Estadual Criança Esperança,Português,Professor_Bruno,536dcd4eafc272cd6777ad15a7b067f4240b6b682361c6460b64398069ec87ac,Maria Eduarda,Dormindo,2026-03-20 09:05:48,2026-03-20 09:10:18,270.0,2026-03-20,simulated
Escola Estadual Criança Esperança,Português,Professor_Bruno,536dcd4eafc272cd6777ad15a7b067f4240b6b682361c6460b64398069ec87ac,Maria Eduarda,Atento,2026-03-20 09:10:24,2026-03-20 09:20:09,585.0,2026-03-20,simulated
Escola Estadual Criança Esperança,Português,Professor_Bruno,536dcd4eafc272cd6777ad15a7b067f4240b6b682361c6460b64398069ec87ac,Maria Eduarda,Agitado,2026-03-20 09:20:12,2026-03-20 09:21:30,78.0,2026-03-20,simulated
Escola Estadual Criança Esperança,Português,Professor_Bruno,536dcd4eafc272cd6777ad15a7b067f4240b6b682361c6460b64398069ec87ac,Maria Eduarda,Perguntando,2026-03-20 09:21:38,2026-03-20 09:21:49,11.0,2026-03-20,simulated
Escola Estadual Criança Esperança,Português,Professor_Bruno,536dcd4eafc272cd6777ad15a7b067f4240b6b682361c6460b64398069ec87ac,Maria Eduarda,Dormindo,2026-03-20 09:21:51,2026-03-20 09:23:44,113.0,2026-03-20,simulated
Escola Estadual Criança Esperança,Português,Professor_Bruno,536dcd4eafc272cd6777ad15a7b067f4240b6b682361c6460b64398069ec87ac,Maria Eduarda,Agitado,2026-03-20 09:23:50,2026-03-20 09:24:36,46.0,2026-03-20,simulated
Escola Estadual Criança Esperança,Português,Professor_Bruno,536dcd4eafc272cd6777ad15a7b067f4240b6b682361c6460b64398069ec87ac,Maria Eduarda,Atento,2026-03-20 09:24:44,2026-03-20 09:35:31,647.0,2026-03-20,simulated
Escola Estadual Criança Esperança,Português,Professor_Bruno,536dcd4eafc272cd6777ad15a7b067f4240b6b682361c6460b64398069ec87ac,Maria Eduarda,Distraido,2026-03-20 09:35:32,2026-03-20 09:37:37,125.0,2026-03-20,simulated
Escola Estadual Criança Esperança,Português,Professor_Bruno,536dcd4eafc272cd6777ad15a7b067f4240b6b682361c6460b64398069ec87ac,Maria Eduarda,Atento,2026-03-20 09:37:44,2026-03-20 09:47:11,567.0,2026-03-20,simulated
Escola Estadual Criança Esperança,Português,Professor_Bruno,536dcd4eafc272cd6777ad15a7b067f4240b6b682361c6460b64398069ec87ac,Maria Eduarda,Dormindo,2026-03-20 09:47:12,2026-03-20 09:51:57,285.0,2026-03-20,simulated
Escola Estadual Criança Esperança,Português,Professor_Bruno,536dcd4eafc272cd6777ad15a7b067f4240b6b682361c6460b64398069ec87ac,Maria Eduarda,Distraido,2026-03-20 09:52:04,2026-03-20 09:55:01,177.0,2026-03-20,simulated
Escola Estadual Criança Esperança,Português,Professor_Bruno,536dcd4eafc272cd6777ad15a7b067f4240b6b682361c6460b64398069ec87ac,Maria Eduarda,Agitado,2026-03-20 09:55:04,2026-03-20 09:55:55,51.0,2026-03-20,simulated
Escola Estadual Criança Esperança,Português,Professor_Bruno,536dcd4eafc272cd6777ad15a7b067f4240b6b682361c6460b64398069ec87ac,Maria Eduarda,Distraido,2026-03-20 09:56:03,2026-03-20 09:57:38,95.0,2026-03-20,simulated
Escola Estadual Criança Esperança,Português,Professor_Bruno,536dcd4eafc272cd6777ad15a7b067f4240b6b682361c6460b64398069ec87ac,Maria Eduarda,Dormindo,2026-03-20 09:57:39,2026-03-20 09:59:56,137.0,2026-03-20,simulated
Escola Estadual Criança Esperança,Português,Professor_Bruno,536dcd4eafc272cd6777ad15a7b067f4240b6b682361c6460b64398069ec87ac,Maria Eduarda,Distraido,2026-03-20 10:00:03,2026-03-20 10:01:13,70.0,2026-03-20,simulated
Escola Estadual Criança Esperança,Português,Professor_Bruno,536dcd4eafc272cd6777ad15a7b067f4240b6b682361c6460b64398069ec87ac,Maria Eduarda,Agitado,2026-03-20 10:01:18,2026-03-20 10:02:16,58.0,2026-03-20,simulated
Escola Estadual Criança Esperança,Português,Professor_Bruno,536dcd4eafc272cd6777ad15a7b067f4240b6b682361c6460b64398069ec87ac,Maria Eduarda,Atento,2026-03-20 10:02:16,2026-03-20 10:12:21,605.0,2026-03-20,simulated
Escola Estadual Criança Esperança,Português,Professor_Bruno,536dcd4eafc272cd6777ad15a7b067f4240b6b682361c6460b64398069ec87ac,Maria Eduarda,Perguntando,2026-03-20 10:12:24,2026-03-20 10:12:43,19.0,2026-03-20,simulated
Escola Estadual Criança Esperança,Português,Professor_Bruno,536dcd4eafc272cd6777ad15a7b067f4240b6b682361c6460b64398069ec87ac,Maria Eduarda,Dormindo,2026-03-20 10:12:50,2026-03-20 10:16:22,212.0,2026-03-20,simulated
Escola Estadual Criança Esperança,Português,Professor_Bruno,536dcd4eafc272cd6777ad15a7b067f4240b6b682361c6460b64398069ec87ac,Maria Eduarda,Distraido,2026-03-20 10:16:29,2026-03-20 10:18:11,102.0,2026-03-20,simulated
Escola Estadual Criança Esperança,Português,Professor_Bruno,536dcd4eafc272cd6777ad15a7b067f4240b6b682361c6460b64398069ec87ac,Maria Eduarda,Dormindo,2026-03-20 10:18:11,2026-03-20 10:21:29,198.0,2026-03-20,simulated
Escola Estadual Criança Esperança,Português,Professor_Bruno,536dcd4eafc272cd6777ad15a7b067f4240b6b682361c6460b64398069ec87ac,Maria Eduarda,Agitado,2026-03-20 10:21:36,2026-03-20 10:22:40,64.0,2026-03-20,simulated
Escola Estadual Criança Esperança,Português,Professor_Bruno,536dcd4eafc272cd6777ad15a7b067f4240b6b682361c6460b64398069ec87ac,Maria Eduarda,Dormindo,2026-03-20 10:22:46,2026-03-20 10:25:12,146.0,2026-03-20,simulated
Escola Estadual Criança Esperança,Português,Professor_Bruno,536dcd4eafc272cd6777ad15a7b067f4240b6b682361c6460b64398069ec87ac,Maria Eduarda,Atento,2026-03-20 10:25:20,2026-03-20 10:32:10,410.0,2026-03-20,simulated
Escola Estadual Criança Esperança,Português,Professor_Bruno,536dcd4eafc272cd6777ad15a7b067f4240b6b682361c6460b64398069ec87ac,Maria Eduarda,Distraido,2026-03-20 10:32:14,2026-03-20 10:34:30,136.0,2026-03-20,simulated
Escola Estadual Criança Esperança,Português,Professor_Bruno,536dcd4eafc272cd6777ad15a7b067f4240b6b682361c6460b64398069ec87ac,Maria Eduarda,Atento,2026-03-20 10:34:37,2026-03-20 10:44:01,564.0,2026-03-20,simulated
Escola Estadual Criança Esperança,Português,Professor_Bruno,536dcd4eafc272cd6777ad15a7b067f4240b6b682361c6460b64398069ec87ac,Maria Eduarda,Dormindo,2026-03-20 10:44:02,2026-03-20 10:47:36,214.0,2026-03-20,simulated
Escola Estadual Criança Esperança,Português,Professor_Bruno,536dcd4eafc272cd6777ad15a7b067f4240b6b682361c6460b64398069ec87ac,Maria Eduarda,Distraido,2026-03-20 10:47:40,2026-03-20 10:50:27,167.0,2026-03-20,simulated
Escola Estadual Criança Esperança,Português,Professor_Bruno,536dcd4eafc272cd6777ad15a7b067f4240b6b682361c6460b64398069ec87ac,Maria Eduarda,Dormindo,2026-03-20 10:50:31,2026-03-20 10:53:57,206.0,2026-03-20,simulated
Escola Estadual Criança Esperança,Português,Professor_Bruno,536dcd4eafc272cd6777ad15a7b067f4240b6b682361c6460b64398069ec87ac,Maria Eduarda,Distraido,2026-03-20 10:54:04,2026-03-20 10:55:05,61.0,2026-03-20,simulated
Escola Estadual Criança Esperança,Português,Professor_Bruno,536dcd4eafc272cd6777ad15a7b067f4240b6b682361c6460b64398069ec87ac,Maria Eduarda,Atento,2026-03-20 10:55:11,2026-03-20 11:01:51,400.0,2026-03-20,simulated
Escola Estadual Criança Esperança,Português,Professor_Bruno,536dcd4eafc272cd6777ad15a7b067f4240b6b682361c6460b64398069ec87ac,Maria Eduarda,Dormindo,2026-03-20 11:01:58,2026-03-20 11:04:15,137.0,2026-03-20,simulated
Escola Estadual Criança Esperança,Português,Professor_Bruno,536dcd4eafc272cd6777ad15a7b067f4240b6b682361c6460b64398069ec87ac,Maria Eduarda,Atento,2026-03-20 11:04:23,2026-03-20 11:11:21,418.0,2026-03-20,simulated
Escola Estadual Criança Esperança,Português,Professor_Bruno,536dcd4eafc272cd6777ad15a7b067f4240b6b682361c6460b64398069ec87ac,Maria Eduarda,Distraido,2026-03-20 11:11:26,2026-03-20 11:13:52,146.0,2026-03-20,simulated
Escola Estadual Criança Esperança,Português,Professor_Bruno,536dcd4eafc272cd6777ad15a7b067f4240b6b682361c6460b64398069ec87ac,Maria Eduarda,Dormindo,2026-03-20 11:13:57,2026-03-20 11:16:01,124.0,2026-03-20,simulated
Escola Estadual Criança Esperança,Português,Professor_Bruno,536dcd4eafc272cd6777ad15a7b067f4240b6b682361c6460b64398069ec87ac,Maria Eduarda,Atento,2026-03-20 11:16:09,2026-03-20 11:21:57,348.0,2026-03-20,simulated
Escola Estadual Criança Esperança,Português,Professor_Bruno,536dcd4eafc272cd6777ad15a7b067f4240b6b682361c6460b64398069ec87ac,Maria Eduarda,Perguntando,2026-03-20 11:22:00,2026-03-20 11:22:21,21.0,2026-03-20,simulated
Escola Estadual Criança Esperança,Português,Professor_Bruno,536dcd4eafc272cd6777ad15a7b067f4240b6b682361c6460b64398069ec87ac,Maria Eduarda,Distraido,2026-03-20 11:22:25,2026-03-20 11:23:33,68.0,2026-03-20,simulated
Escola Estadual Criança Esperança,Português,Professor_Bruno,536dcd4eafc272cd6777ad15a7b067f4240b6b682361c6460b64398069ec87ac,Maria Eduarda,Perguntando,2026-03-20 11:23:39,2026-03-20 11:24:15,36.0,2026-03-20,simulated
Escola Estadual Criança Esperança,Português,Professor_Bruno,536dcd4eafc272cd6777ad15a7b067f4240b6b682361c6460b64398069ec87ac,Maria Eduarda,Dormindo,2026-03-20 11:24:20,2026-03-20 11:28:45,265.0,2026-03-20,simulated
Escola Estadual Criança Esperança,Português,Professor_Bruno,536dcd4eafc272cd6777ad15a7b067f4240b6b682361c6460b64398069ec87ac,Maria Eduarda,Atento,2026-03-20 11:28:48,2026-03-20 11:38:09,561.0,2026-03-20,simulated
Escola Estadual Criança Esperança,Português,Professor_Bruno,536dcd4eafc272cd6777ad15a7b067f4240b6b682361c6460b64398069ec87ac,Maria Eduarda,Dormindo,2026-03-20 11:38:15,2026-03-20 11:42:30,255.0,2026-03-20,simulated
Escola Estadual Criança Esperança,Português,Professor_Bruno,536dcd4eafc272cd6777ad15a7b067f4240b6b682361c6460b64398069ec87ac,Maria Eduarda,Atento,2026-03-20 11:42:35,2026-03-20 11:50:35,480.0,2026-03-20,simulated
Escola Estadual Criança Esperança,Português,Professor_Bruno,536dcd4eafc272cd6777ad15a7b067f4240b6b682361c6460b64398069ec87ac,Maria Eduarda,Perguntando,2026-03-20 11:50:42,2026-03-20 11:51:03,21.0,2026-03-20,simulated
Escola Estadual Criança Esperança,Português,Professor_Bruno,536dcd4eafc272cd6777ad15a7b067f4240b6b682361c6460b64398069ec87ac,Maria Eduarda,Dormindo,2026-03-20 11:51:07,2026-03-20 11:52:50,103.0,2026-03-20,simulated
Escola Estadual Criança Esperança,Português,Professor_Bruno,536dcd4eafc272cd6777ad15a7b067f4240b6b682361c6460b64398069ec87ac,Maria Eduarda,Distraido,2026-03-20 11:52:52,2026-03-20 11:54:00,68.0,2026-03-20,simulated
Escola Estadual Criança Esperança,Português,Professor_Bruno,f1c5e8faebc9ab791d2c562bfd9fda99c4bc10d22e6beff1b40abc554f2000ac,Alice Nascimento Silva Lobo,Perguntando,2026-03-20 08:16:00,2026-03-20 08:16:36,36.0,2026-03-20,simulated
Escola Estadual Criança Esperança,Português,Professor_Bruno,f1c5e8faebc9ab791d2c562bfd9fda99c4bc10d22e6beff1b40abc554f2000ac,Alice Nascimento Silva Lobo,Atento,2026-03-20 08:16:42,2026-03-20 08:22:11,329.0,2026-03-20,simulated
Escola Estadual Criança Esperança,Português,Professor_Bruno,f1c5e8faebc9ab791d2c562bfd9fda99c4bc10d22e6beff1b40abc554f2000ac,Alice Nascimento Silva Lobo,Distraido,2026-03-20 08:22:15,2026-03-20 08:23:16,61.0,2026-03-20,simulated
Escola Estadual Criança Esperança,Português,Professor_Bruno,f1c5e8faebc9ab791d2c562bfd9fda99c4bc10d22e6beff1b40abc554f2000ac,Alice Nascimento Silva Lobo,Perguntando,2026-03-20 08:23:21,2026-03-20 08:23:51,30.0,2026-03-20,simulated
Escola Estadual Criança Esperança,Português,Professor_Bruno,f1c5e8faebc9ab791d2c562bfd9fda99c4bc10d22e6beff1b40abc554f2000ac,Alice Nascimento Silva Lobo,Atento,2026-03-20 08:23:57,2026-03-20 08:35:50,713.0,2026-03-20,simulated
Escola Estadual Criança Esperança,Português,Professor_Bruno,f1c5e8faebc9ab791d2c562bfd9fda99c4bc10d22e6beff1b40abc554f2000ac,Alice Nascimento Silva Lobo,Atento,2026-03-20 08:35:57,2026-03-20 08:42:33,396.0,2026-03-20,simulated
Escola Estadual Criança Esperança,Português,Professor_Bruno,f1c5e8faebc9ab791d2c562bfd9fda99c4bc10d22e6beff1b40abc554f2000ac,Alice Nascimento Silva Lobo,Dormindo,2026-03-20 08:42:37,2026-03-20 08:47:26,289.0,2026-03-20,simulated
Escola Estadual Criança Esperança,Português,Professor_Bruno,f1c5e8faebc9ab791d2c562bfd9fda99c4bc10d22e6beff1b40abc554f2000ac,Alice Nascimento Silva Lobo,Distraido,2026-03-20 08:47:31,2026-03-20 08:48:41,70.0,2026-03-20,simulated
Escola Estadual Criança Esperança,Português,Professor_Bruno,f1c5e8faebc9ab791d2c562bfd9fda99c4bc10d22e6beff1b40abc554f2000ac,Alice Nascimento Silva Lobo,Perguntando,2026-03-20 08:48:49,2026-03-20 08:49:12,23.0,2026-03-20,simulated
Escola Estadual Criança Esperança,Português,Professor_Bruno,f1c5e8faebc9ab791d2c562bfd9fda99c4bc10d22e6beff1b40abc554f2000ac,Alice Nascimento Silva Lobo,Atento,2026-03-20 08:49:17,2026-03-20 08:56:29,432.0,2026-03-20,simulated
Escola Estadual Criança Esperança,Português,Professor_Bruno,f1c5e8faebc9ab791d2c562bfd9fda99c4bc10d22e6beff1b40abc554f2000ac,Alice Nascimento Silva Lobo,Perguntando,2026-03-20 08:56:37,2026-03-20 08:56:54,17.0,2026-03-20,simulated
Escola Estadual Criança Esperança,Português,Professor_Bruno,f1c5e8faebc9ab791d2c562bfd9fda99c4bc10d22e6beff1b40abc554f2000ac,Alice Nascimento Silva Lobo,Atento,2026-03-20 08:56:58,2026-03-20 09:02:26,328.0,2026-03-20,simulated
Escola Estadual Criança Esperança,Português,Professor_Bruno,f1c5e8faebc9ab791d2c562bfd9fda99c4bc10d22e6beff1b40abc554f2000ac,Alice Nascimento Silva Lobo,Perguntando,2026-03-20 09:02:34,2026-03-20 09:03:05,31.0,2026-03-20,simulated
Escola Estadual Criança Esperança,Português,Professor_Bruno,f1c5e8faebc9ab791d2c562bfd9fda99c4bc10d22e6beff1b40abc554f2000ac,Alice Nascimento Silva Lobo,Atento,2026-03-20 09:03:07,2026-03-20 09:09:17,370.0,2026-03-20,simulated
Escola Estadual Criança Esperança,Português,Professor_Bruno,f1c5e8faebc9ab791d2c562bfd9fda99c4bc10d22e6beff1b40abc554f2000ac,Alice Nascimento Silva Lobo,Agitado,2026-03-20 09:09:22,2026-03-20 09:10:28,66.0,2026-03-20,simulated
Escola Estadual Criança Esperança,Português,Professor_Bruno,f1c5e8faebc9ab791d2c562bfd9fda99c4bc10d22e6beff1b40abc554f2000ac,Alice Nascimento Silva Lobo,Atento,2026-03-20 09:10:36,2026-03-20 09:21:23,647.0,2026-03-20,simulated
Escola Estadual Criança Esperança,Português,Professor_Bruno,f1c5e8faebc9ab791d2c562bfd9fda99c4bc10d22e6beff1b40abc554f2000ac,Alice Nascimento Silva Lobo,Perguntando,2026-03-20 09:21:26,2026-03-20 09:22:05,39.0,2026-03-20,simulated
Escola Estadual Criança Esperança,Português,Professor_Bruno,f1c5e8faebc9ab791d2c562bfd9fda99c4bc10d22e6beff1b40abc554f2000ac,Alice Nascimento Silva Lobo,Atento,2026-03-20 09:22:13,2026-03-20 09:33:44,691.0,2026-03-20,simulated
Escola Estadual Criança Esperança,Português,Professor_Bruno,f1c5e8faebc9ab791d2c562bfd9fda99c4bc10d22e6beff1b40abc554f2000ac,Alice Nascimento Silva Lobo,Distraido,2026-03-20 09:33:48,2026-03-20 09:35:09,81.0,2026-03-20,simulated
Escola Estadual Criança Esperança,Português,Professor_Bruno,f1c5e8faebc9ab791d2c562bfd9fda99c4bc10d22e6beff1b40abc554f2000ac,Alice Nascimento Silva Lobo,Agitado,2026-03-20 09:35:11,2026-03-20 09:36:30,79.0,2026-03-20,simulated
Escola Estadual Criança Esperança,Português,Professor_Bruno,f1c5e8faebc9ab791d2c562bfd9fda99c4bc10d22e6beff1b40abc554f2000ac,Alice Nascimento Silva Lobo,Perguntando,2026-03-20 09:36:30,2026-03-20 09:36:42,12.0,2026-03-20,simulated
Escola Estadual Criança Esperança,Português,Professor_Bruno,f1c5e8faebc9ab791d2c562bfd9fda99c4bc10d22e6beff1b40abc554f2000ac,Alice Nascimento Silva Lobo,Atento,2026-03-20 09:36:45,2026-03-20 09:48:01,676.0,2026-03-20,simulated
Escola Estadual Criança Esperança,Português,Professor_Bruno,f1c5e8faebc9ab791d2c562bfd9fda99c4bc10d22e6beff1b40abc554f2000ac,Alice Nascimento Silva Lobo,Atento,2026-03-20 09:48:07,2026-03-20 09:53:10,303.0,2026-03-20,simulated
Escola Estadual Criança Esperança,Português,Professor_Bruno,f1c5e8faebc9ab791d2c562bfd9fda99c4bc10d22e6beff1b40abc554f2000ac,Alice Nascimento Silva Lobo,Perguntando,2026-03-20 09:53:14,2026-03-20 09:53:30,16.0,2026-03-20,simulated
Escola Estadual Criança Esperança,Português,Professor_Bruno,f1c5e8faebc9ab791d2c562bfd9fda99c4bc10d22e6beff1b40abc554f2000ac,Alice Nascimento Silva Lobo,Atento,2026-03-20 09:53:33,2026-03-20 10:01:52,499.0,2026-03-20,simulated
Escola Estadual Criança Esperança,Português,Professor_Bruno,f1c5e8faebc9ab791d2c562bfd9fda99c4bc10d22e6beff1b40abc554f2000ac,Alice Nascimento Silva Lobo,Distraido,2026-03-20 10:01:56,2026-03-20 10:04:18,142.0,2026-03-20,simulated
Escola Estadual Criança Esperança,Português,Professor_Bruno,f1c5e8faebc9ab791d2c562bfd9fda99c4bc10d22e6beff1b40abc554f2000ac,Alice Nascimento Silva Lobo,Atento,2026-03-20 10:04:22,2026-03-20 10:10:14,352.0,2026-03-20,simulated
Escola Estadual Criança Esperança,Português,Professor_Bruno,f1c5e8faebc9ab791d2c562bfd9fda99c4bc10d22e6beff1b40abc554f2000ac,Alice Nascimento Silva Lobo,Perguntando,2026-03-20 10:10:15,2026-03-20 10:10:53,38.0,2026-03-20,simulated
Escola Estadual Criança Esperança,Português,Professor_Bruno,f1c5e8faebc9ab791d2c562bfd9fda99c4bc10d22e6beff1b40abc554f2000ac,Alice Nascimento Silva Lobo,Dormindo,2026-03-20 10:10:59,2026-03-20 10:14:58,239.0,2026-03-20,simulated
Escola Estadual Criança Esperança,Português,Professor_Bruno,f1c5e8faebc9ab791d2c562bfd9fda99c4bc10d22e6beff1b40abc554f2000ac,Alice Nascimento Silva Lobo,Atento,2026-03-20 10:14:59,2026-03-20 10:20:38,339.0,2026-03-20,simulated
Escola Estadual Criança Esperança,Português,Professor_Bruno,f1c5e8faebc9ab791d2c562bfd9fda99c4bc10d22e6beff1b40abc554f2000ac,Alice Nascimento Silva Lobo,Atento,2026-03-20 10:20:44,2026-03-20 10:27:32,408.0,2026-03-20,simulated
Escola Estadual Criança Esperança,Português,Professor_Bruno,f1c5e8faebc9ab791d2c562bfd9fda99c4bc10d22e6beff1b40abc554f2000ac,Alice Nascimento Silva Lobo,Dormindo,2026-03-20 10:27:34,2026-03-20 10:30:55,201.0,2026-03-20,simulated
Escola Estadual Criança Esperança,Português,Professor_Bruno,f1c5e8faebc9ab791d2c562bfd9fda99c4bc10d22e6beff1b40abc554f2000ac,Alice Nascimento Silva Lobo,Atento,2026-03-20 10:31:03,2026-03-20 10:39:40,517.0,2026-03-20,simulated
Escola Estadual Criança Esperança,Português,Professor_Bruno,f1c5e8faebc9ab791d2c562bfd9fda99c4bc10d22e6beff1b40abc554f2000ac,Alice Nascimento Silva Lobo,Perguntando,2026-03-20 10:39:41,2026-03-20 10:40:17,36.0,2026-03-20,simulated
Escola Estadual Criança Esperança,Português,Professor_Bruno,f1c5e8faebc9ab791d2c562bfd9fda99c4bc10d22e6beff1b40abc554f2000ac,Alice Nascimento Silva Lobo,Atento,2026-03-20 10:40:24,2026-03-20 10:48:44,500.0,2026-03-20,simulated
Escola Estadual Criança Esperança,Português,Professor_Bruno,f1c5e8faebc9ab791d2c562bfd9fda99c4bc10d22e6beff1b40abc554f2000ac,Alice Nascimento Silva Lobo,Perguntando,2026-03-20 10:48:46,2026-03-20 10:49:05,19.0,2026-03-20,simulated
Escola Estadual Criança Esperança,Português,Professor_Bruno,f1c5e8faebc9ab791d2c562bfd9fda99c4bc10d22e6beff1b40abc554f2000ac,Alice Nascimento Silva Lobo,Atento,2026-03-20 10:49:07,2026-03-20 10:56:39,452.0,2026-03-20,simulated
Escola Estadual Criança Esperança,Português,Professor_Bruno,f1c5e8faebc9ab791d2c562bfd9fda99c4bc10d22e6beff1b40abc554f2000ac,Alice Nascimento Silva Lobo,Distraido,2026-03-20 10:56:39,2026-03-20 10:58:09,90.0,2026-03-20,simulated
Escola Estadual Criança Esperança,Português,Professor_Bruno,f1c5e8faebc9ab791d2c562bfd9fda99c4bc10d22e6beff1b40abc554f2000ac,Alice Nascimento Silva Lobo,Atento,2026-03-20 10:58:09,2026-03-20 11:09:16,667.0,2026-03-20,simulated
Escola Estadual Criança Esperança,Português,Professor_Bruno,f1c5e8faebc9ab791d2c562bfd9fda99c4bc10d22e6beff1b40abc554f2000ac,Alice Nascimento Silva Lobo,Perguntando,2026-03-20 11:09:24,2026-03-20 11:09:59,35.0,2026-03-20,simulated
Escola Estadual Criança Esperança,Português,Professor_Bruno,f1c5e8faebc9ab791d2c562bfd9fda99c4bc10d22e6beff1b40abc554f2000ac,Alice Nascimento Silva Lobo,Atento,2026-03-20 11:09:59,2026-03-20 11:15:43,344.0,2026-03-20,simulated
Escola Estadual Criança Esperança,Português,Professor_Bruno,f1c5e8faebc9ab791d2c562bfd9fda99c4bc10d22e6beff1b40abc554f2000ac,Alice Nascimento Silva Lobo,Distraido,2026-03-20 11:15:46,2026-03-20 11:16:53,67.0,2026-03-20,simulated
Escola Estadual Criança Esperança,Português,Professor_Bruno,f1c5e8faebc9ab791d2c562bfd9fda99c4bc10d22e6beff1b40abc554f2000ac,Alice Nascimento Silva Lobo,Atento,2026-03-20 11:16:55,2026-03-20 11:27:24,629.0,2026-03-20,simulated
Escola Estadual Criança Esperança,Português,Professor_Bruno,f1c5e8faebc9ab791d2c562bfd9fda99c4bc10d22e6beff1b40abc554f2000ac,Alice Nascimento Silva Lobo,Perguntando,2026-03-20 11:27:31,2026-03-20 11:28:02,31.0,2026-03-20,simulated
Escola Estadual Criança Esperança,Português,Professor_Bruno,f1c5e8faebc9ab791d2c562bfd9fda99c4bc10d22e6beff1b40abc554f2000ac,Alice Nascimento Silva Lobo,Atento,2026-03-20 11:28:04,2026-03-20 11:34:39,395.0,2026-03-20,simulated
Escola Estadual Criança Esperança,Português,Professor_Bruno,f1c5e8faebc9ab791d2c562bfd9fda99c4bc10d22e6beff1b40abc554f2000ac,Alice Nascimento Silva Lobo,Distraido,2026-03-20 11:34:43,2026-03-20 11:35:46,63.0,2026-03-20,simulated
Escola Estadual Criança Esperança,Português,Professor_Bruno,f1c5e8faebc9ab791d2c562bfd9fda99c4bc10d22e6beff1b40abc554f2000ac,Alice Nascimento Silva Lobo,Atento,2026-03-20 11:35:50,2026-03-20 11:41:21,331.0,2026-03-20,simulated
Escola Estadual Criança Esperança,Português,Professor_Bruno,f1c5e8faebc9ab791d2c562bfd9fda99c4bc10d22e6beff1b40abc554f2000ac,Alice Nascimento Silva Lobo,Perguntando,2026-03-20 11:41:24,2026-03-20 11:41:35,11.0,2026-03-20,simulated
Escola Estadual Criança Esperança,Português,Professor_Bruno,f1c5e8faebc9ab791d2c562bfd9fda99c4bc10d22e6beff1b40abc554f2000ac,Alice Nascimento Silva Lobo,Atento,2026-03-20 11:41:35,2026-03-20 11:50:53,558.0,2026-03-20,simulated
Escola Estadual Criança Esperança,Português,Professor_Bruno,f1c5e8faebc9ab791d2c562bfd9fda99c4bc10d22e6beff1b40abc554f2000ac,Alice Nascimento Silva Lobo,Agitado,2026-03-20 11:50:54,2026-03-20 11:51:15,21.0,2026-03-20,simulated
Escola Estadual Criança Esperança,Português,Professor_Bruno,f1c5e8faebc9ab791d2c562bfd9fda99c4bc10d22e6beff1b40abc554f2000ac,Alice Nascimento Silva Lobo,Dormindo,2026-03-20 11:51:23,2026-03-20 11:53:27,124.0,2026-03-20,simulated
Escola Estadual Criança Esperança,Português,Professor_Bruno,f1c5e8faebc9ab791d2c562bfd9fda99c4bc10d22e6beff1b40abc554f2000ac,Alice Nascimento Silva Lobo,Atento,2026-03-20 11:53:27,2026-03-20 11:56:00,153.0,2026-03-20,simulated
